Night at the Museum: Battle of the Smithsonian,1994,Hasty Reddyhoff,0.93,Action|Comedy|IMAX
Last Legion. The,2012,Early Purselow,7.44,Action|Adventure|Fantasy|War
Look of Love. The,2008,Urbano Dallimare,9.36,Comedy|Drama
Quatermass 2 (Enemy from Space),2004,Mollee Churchley,2.6,Sci-Fi|Thriller
Due Date,2006,Aubrie Cornels,2.63,Comedy
Mr. Deeds,2000,Olga Blain,3.71,Comedy|Romance
Me. Myself & Irene,2004,Darice Coney,1.54,Adventure|Comedy
Bitter Sugar (Azúcar amarga),2004,Sandie Handscombe,6.24,Drama
Saint. The,2011,La verne Wayt,5.86,Action|Romance|Sci-Fi|Thriller
Village People Radio Show (Apa khabar orang kampung),1999,Alida MacAlinden,9.7,Documentary
Hairdresser's Husband. The (Le mari de la coiffeuse),1993,Corny Rubenchik,3.96,Comedy|Drama|Romance
11-11-11 (11-11-11: The Prophecy),2003,Ban McGavigan,1.48,Horror|Thriller
Back to School with Franklin,1990,Cathee Marvel,7.79,Animation|Children
Rat Pfink a Boo Boo,2000,Carma Di Matteo,0.07,Action|Comedy
Blood on Satan's Claw (a.k.a. Satan's Skin),2011,Glynis Cleere,5.02,Horror|Thriller
Very Social Secretary. A,2000,Lora Sarvar,5.67,Comedy|Drama
Vampire Lovers. The,2003,Jean Strognell,5.69,Horror
Andromeda Strain. The,2012,Camile Clingan,8.09,Sci-Fi
City of No Limits. The (la ciudad sin límites. En),2002,Shelia Hayen,7.35,Drama|Thriller
Spiders. Part 2: The Diamond Ship. The (Die Spinnen. 2. Teil - Das Brillantenschiff),1992,Bordie Fulbrook,7.84,Action|Adventure|Drama
Skylab. Le,1996,Bartholomew Alvar,4.71,Comedy|Drama
Blood Done Sign My Name,2006,Giuseppe Branigan,7.02,Drama
Breaks. The,1996,Micah Blackleech,2.32,Comedy
Slingshot Hip Hop,2008,Courtnay Gilffillan,5.12,(no genres listed)
Mischief Night,1994,Odell Stanway,5.1,Drama|Horror|Thriller
Passion Fish,2008,Valery Scoggin,0.79,Drama
Red Beard (Akahige),1993,Eran Lackeye,6.85,Drama
My Best Friend's Wedding,2003,Marylou Benthall,0.89,Comedy|Romance
Charlie Bartlett,1992,Gerardo De Ambrosi,7.56,Comedy|Drama
Snake Woman's Curse,2001,Rodrique Hubbins,7.38,Horror
Mighty Heart. A,2005,Erick Tidmas,0.56,Drama|Thriller
Tesla: Master of Lightning,1991,Gretel Standeven,6.38,Documentary
Gable: The King Remembered,2012,Constantine Biermatowicz,9.31,Documentary
Cat Returns. The (Neko no ongaeshi),2000,Anselma Harburtson,5.67,Adventure|Animation|Children|Fantasy
F/X,2012,Sallee Tubritt,3.91,Action|Crime|Thriller
Backfire,2012,Alexine Bernadzki,8.02,Crime|Film-Noir|Mystery|Romance|Thriller
9,1999,Dagmar Torricella,4.12,Adventure|Animation|Sci-Fi
Unforgiven,2007,Aeriel Dominy,8.97,Drama|Western
Abbott and Costello Meet the Killer. Boris Karloff,1993,Stefano Figg,3.12,Comedy|Mystery|Thriller
Clerks,1993,Linette Squier,7.69,Comedy
Waiting to Exhale,1999,Elisha Vanyashin,3.86,Comedy|Drama|Romance
Space Truckers,1963,Ilyssa Hryniewicz,3.56,Comedy|Sci-Fi
Melancholia,2013,Margaretta MacCarroll,6.29,Drama|Sci-Fi
Frankenstein Must Be Destroyed,1985,Friederike Lars,5.38,Drama|Horror|Sci-Fi
Floundering,1997,Giorgi Gisbourn,7.51,Comedy
Meet Dave,1998,Winfred Biswell,3.98,Comedy|Sci-Fi
Mahoney's Last Stand,1992,Estell Prendiville,6.86,Drama
Henri-Georges Clouzot's Inferno (L'enfer d'Henri-Georges Clouzot),1994,Lutero Farlow,1.57,Documentary
Made for Each Other,2009,Jonis Onions,2.86,Comedy|Drama|Romance
Sting. The,1994,Lyell Edgeler,5.39,Comedy|Crime
Breathing Room,1998,Gram Mitro,1.01,Horror|Mystery|Thriller
Student Bodies,2005,Lynnett Rebillard,0.77,Comedy|Horror
Girl in Progress,2000,Deeanne Murrow,4.27,Comedy|Drama
Get Thrashed: The Story of Thrash Metal,2005,Delmer Bugbee,3.0,Documentary
Hamiltons. The,2001,Dasi Gotling,6.47,Drama|Horror|Thriller
Alive,2008,Florian Mingo,0.39,Action|Drama|Horror|Sci-Fi|Thriller
Harry Potter and the Prisoner of Azkaban,2000,Yves Pelerin,9.72,Adventure|Fantasy|IMAX
Heathcliff: The Movie,2010,Frasco Hucke,1.31,Animation|Comedy
Three Colors: Red (Trois couleurs: Rouge),1993,Cos Vaissiere,4.01,Drama
Marquise of O. The (Marquise von O.... Die),2001,Genna Benck,9.59,Drama
Glass Key. The,1997,Nick McCluney,9.03,Crime|Drama|Film-Noir|Mystery
Breaking Point. The,1994,Halsey Joseff,7.99,Crime|Drama|Film-Noir
Dragonheart 2: A New Beginning,2002,Doe Bianco,3.28,Action|Adventure|Comedy|Drama|Fantasy|Thriller
Four Daughters,1998,Bunnie Loughrey,8.42,Drama|Romance
Simple Life. A (Tao jie),2009,Florenza Claiton,8.29,Drama
Peanut Butter Solution. The,2004,Nana Goter,8.64,Children|Fantasy
Relentless,2007,Benny Culross,6.73,Thriller
American Adobo,2003,Ilyse Panons,3.92,Comedy
Umberto D.,2001,Korella Grieg,8.03,Drama
Silent Trigger,2005,Blinnie McMurray,9.28,Action|Drama
Stars in My Crown,1990,Frederico Jirik,4.4,Drama|Western
Alien Trespass,2001,Fabien Blincoe,1.2,Comedy|Sci-Fi
Fever in the Blood. A,1995,Archer Carah,2.71,Drama
Russian Ark (Russkiy Kovcheg),2005,Bendix Goldes,4.31,Drama|Fantasy|War
Naked Kiss. The,2010,Rosy Bodycomb,9.2,Drama
Killjoy,2007,Corabella Rodd,0.99,Horror
Horsemen,2012,Regan MacMillan,8.45,Crime|Drama|Horror|Mystery|Thriller
Tora-san's Rise and Fall (Otoko wa tsurai yo: Torajiro aiaigasa),2009,Tatiania Brane,9.16,Comedy
Russia 88,2000,Wakefield Wetherill,4.95,Drama
Lady Vanishes. The,1984,Dagmar Warr,8.29,Action|Comedy|Mystery|Romance
Arabesque,2008,Shayne Saintsbury,6.94,Adventure|Drama|Romance|Thriller
Terminal. The,1995,Chad Mullally,7.67,Comedy|Drama|Romance
Signal. The (Señal. La),2005,Elia Tyndall,5.35,Drama|Film-Noir|Mystery|Romance
Strange Case of Angelica. The (O Estranho Caso de Angélica),1980,Randal Redbourn,6.6,Drama
Blonde Crazy,1960,Colleen Saward,5.02,Comedy|Crime|Drama|Romance
Donovan's Reef,2003,Jake Sultan,4.0,Action|Comedy|Romance
Adam & Steve,1992,Dominga Gillanders,1.8,Comedy|Romance
Dead Air,2002,Gertrud Playfair,3.27,Horror|Sci-Fi|Thriller
Rat,2009,Astra Ubsdale,4.95,Comedy|Drama|Romance
See What I'm Saying: The Deaf Entertainers Documentary,1974,Korry Mutton,8.95,Documentary
Beethoven's Big Break,1989,Wyatt Jarnell,4.26,Children|Comedy
We Own the Night,2010,Lona Whyman,4.08,Crime|Drama
Dark. The,2000,Riannon Wittier,6.83,Horror|Mystery|Thriller
Marilyn in Manhattan,2007,Rhodie Prior,8.76,(no genres listed)
Gazebo. The,1990,Keith Lunney,1.71,Comedy|Crime
Authors Anonymous,2005,Garald Henrych,3.2,Comedy|Drama|Romance
1984 (Nineteen Eighty-Four),2004,Dene Hordle,6.44,Drama|Sci-Fi
Street Trash,1995,Ikey Colley,3.8,Comedy|Horror
Midnight,1999,Rozalin Crake,9.84,Comedy|Romance
Beyoncé: Life Is But a Dream,1997,Ashton Swaysland,4.77,Documentary
Old Joy,2008,Gav Spinige,5.58,Drama
Death in the Garden (Mort en ce jardin. La),1999,Velma Edlestone,9.69,Drama
Face of a Fugitive,2009,Alika Talby,7.09,Western
Empire of Silver (Bai yin di guo),1992,Doloritas McVicar,2.44,Drama|Romance
Topaze,1957,Juliet Armand,2.75,Comedy|Drama
Detropia,1998,Evie Monery,6.24,Documentary
Hounddog,2001,Pall Peery,4.46,Drama
Pups,2006,Lisbeth Rubra,4.31,Crime|Drama|Thriller
The Hearse,2004,Hazel Berick,4.19,Drama|Horror|Mystery
Blow-Out (La grande bouffe),1984,Inge McClunaghan,0.53,Drama
Women on the Verge of a Nervous Breakdown (Mujeres al borde de un ataque de nervios),1993,Tobias Skellion,7.1,Comedy|Drama
Best of Times. The,2008,Ruth Kibbye,3.4,Comedy|Drama
Sumo Do. Sumo Don't (Shiko funjatta),2007,Lisette Whitesel,6.36,Comedy
Yatterman (Yattâman),1996,Lucias Daltry,7.34,Action|Comedy|Fantasy
Good German. The,1992,Berri Meaddowcroft,7.93,Drama|Mystery|Thriller
Hollidaysburg,2003,Caesar Amdohr,7.46,Comedy
Cyberbully,2009,Florenza Olrenshaw,2.97,Drama
Knights of the Round Table,2010,Ofella Maleham,9.03,Adventure|Drama
Lisa Picard is Famous (a.k.a. Famous),1997,Jasun Saipy,3.41,Comedy|Drama
Urusei Yatsura Movie 2: Beautiful Dreamer (Urusei Yatsura 2: Byûtifuru dorîmâ),2012,Leora Andrioni,9.69,Animation|Comedy|Fantasy
Super Sucker,1964,Jeffry Uren,4.94,Comedy
Flower in Hell (Jiokhwa),2005,Currey Cornil,5.73,Crime|Drama
Waxworks (Das Wachsfigurenkabinett),2004,Gaven Cable,9.38,Comedy|Drama|Romance|Thriller
Soccer Days,2007,Neils Gaytor,3.47,Comedy
Gett: The Trial of Viviane Amsalem,2011,Coralie FitzGilbert,4.99,Drama
Good Guys and the Bad Guys. The,1991,Simmonds Ethridge,5.17,Comedy|Western
Mother's Day,2011,Ethelyn Martinets,8.26,Comedy|Horror
Lady in Number 6: Music Saved My Life. The,2008,Liesa Beake,1.6,Documentary|Drama
You and Me,2000,Orel Jorcke,9.53,Crime|Romance
Virtual JFK: Vietnam If Kennedy Had Lived,2012,Madelina Maplestone,5.27,Documentary
Three Came Home,2007,Alano Wrightson,7.46,Drama|War
Zombies of Mora Tau,1997,Melinda McClinton,2.58,Horror
War You Don't See. The,1967,Prudi Daniel,5.62,Documentary
Back Street,2004,Wilden Aireton,9.56,Drama
Jerk. The,1994,Perry Boncoeur,1.5,Comedy
Lawless Range,2005,Gwenette Duffy,1.41,Western
Adventures of Captain Marvel,1988,Waring MacLleese,0.36,Action|Adventure|Fantasy|Mystery|Sci-Fi
Goodbye First Love,1993,Derk Crollman,5.76,Drama|Romance
Back to School,2000,Julianna Gawthrop,5.42,Comedy
Le grand soir,1995,Esteban Oughtright,5.95,Comedy
Lianna,1996,Marnia Woolmington,3.22,Drama|Romance
Dracula Untold,2007,Melinde Neames,9.31,Action|Drama|Fantasy
Love Torn in Dream (Combat d'amour en songe),1992,Flory Okill,5.14,Drama|Fantasy
The Living Magoroku,1985,Hashim Canada,6.66,(no genres listed)
Brideshead Revisited,1998,Bartholomeo Montford,1.1,Drama
Life Partners,1999,Vannie Van Niekerk,2.52,Comedy|Romance
Burn After Reading,1997,Starr Newis,1.79,Comedy|Crime|Drama
Lord of the Flies,2004,Angus Carragher,5.84,Adventure|Drama|Thriller
Marihuana,1994,Say Sinncock,9.0,Documentary|Drama
Death Sentence,2006,Austin Greatorex,2.14,Drama|Thriller
Free Money,1994,Durand Foster-Smith,6.11,Comedy|Crime
Rope,2011,Ingmar Gate,7.01,Crime|Drama|Thriller
Unrated II: Scary as Hell,1994,Zechariah Rolland,9.76,Horror
Private Life of Sherlock Holmes. The,2010,Gwenora Burnard,7.08,Comedy|Drama|Mystery
Insurgent,1984,Denny Ellicombe,7.38,Action|Romance|Sci-Fi
Corto Maltese: Under the Sign of Capricorn (Sous le signe du capricorne),2003,Rodie Mannock,5.34,Animation|Drama|Romance|War
Russian Doll,1990,Kathleen Garces,2.09,Comedy|Romance
Phase 7,1994,Glenden Denisard,4.51,Comedy|Sci-Fi|Thriller
Mark of Zorro. The,2011,Janeta Prise,0.92,Adventure
Jesse Stone: Stone Cold,2012,Rorke Oxtaby,6.79,Crime|Drama|Mystery
Downtown,1994,Torrin Ricarde,0.82,Action|Comedy
Gods Must Be Crazy. The,2008,Concettina Feltoe,2.0,Adventure|Comedy
Cargo,1992,Allix Cantopher,5.72,Sci-Fi
Blood Runs Cold,1995,Layla Gummer,8.17,Horror
Life of Aleksis Kivi. The (Aleksis Kiven elämä),2007,Loralie O'Doireidh,9.09,Drama
Solaris,1984,Erny Overington,2.92,Drama|Romance|Sci-Fi
Pray the Devil Back to Hell,2011,Row O' Hanvey,8.78,Documentary
Werewolf Woman (La lupa mannara),1996,Inessa Dwyer,9.54,Horror
You'll Never Get Rich,1999,Pier Dondon,5.14,Comedy|Musical|Romance
Swimming with Sharks,2004,Dun Stanett,6.12,Comedy|Drama
Facing Windows (Finestra di fronte. La),2003,Putnam Alders,0.49,Drama|Romance
Jewtopia,2009,Kennith Currer,9.08,Comedy|Romance
High Noon,2012,Jacklin Avrahamian,3.43,Drama|Western
Face of Terror,1995,Conni Gaunt,9.61,Action|Drama|Thriller
Min and Bill,1988,Hank Wrintmore,9.32,Comedy|Drama
India: Matri Bhumi,2005,Myrwyn Moss,2.95,Documentary|Drama
Thunderbird Six,1992,Haroun Champken,7.65,Action|Sci-Fi
Seventh Victim. The,1999,Geneva Renols,0.71,Drama|Film-Noir|Horror|Mystery
The Tree. the Mayor and the Mediatheque,2010,Estelle Vatini,1.46,Comedy
Drunken Master (Jui kuen),1999,Trixi Goodlip,4.1,Action|Comedy
Il piccolo diavolo,1992,Thoma Oldfield,1.18,Comedy|Fantasy|Romance
Until the End of the World (Bis ans Ende der Welt),1996,Ari Burleigh,0.16,Adventure|Drama|Sci-Fi
La dama boba,2009,Taylor Abbett,1.31,Comedy
Court Jester. The,1993,Caroljean Pragnell,5.74,Adventure|Comedy|Musical
Starship Troopers,1995,Fielding Kinnett,9.17,Action|Sci-Fi
Hum Tum,1993,Gorden Dulanty,5.8,Comedy|Drama|Musical|Romance
Pride of the Marines,1995,Lionel Becaris,2.08,Drama|War
Secret Agent,1996,Morten Lindsay,5.08,Thriller
Hollywood or Bust,2008,Sher Grimsdell,7.06,Comedy|Musical
Sam Peckinpah's West: Legacy of a Hollywood Renegade,2008,Creight McIlvoray,6.01,Documentary
Wrestling for Jesus: The Tale of T-Money,2002,Codie Tye,7.72,Documentary
Das Leben ist nichts für Feiglinge,2006,Rhianon Biasioni,2.42,Drama
Madadayo (a.k.a. Not Yet),1990,Erick Brownlee,1.68,Drama
B.T.K.,1999,Cathi Evans,0.16,Crime|Drama|Horror|Mystery|Thriller
I Drink Your Blood,2012,Rossie Ransfield,6.75,Horror
Colour Me Kubrick: A True...ish Story,2007,Ninette Chaff,2.34,Comedy|Drama
Passion of Ayn Rand. The,2007,Neill Skydall,1.46,Documentary|Drama|Romance
Solaris,2000,Maryrose Dolley,5.86,Drama|Romance|Sci-Fi
Murder by Proxy: How America Went Postal,1993,George Sandison,0.84,Documentary
Happening. The,2003,Zebedee Ecclestone,7.69,Drama|Sci-Fi|Thriller
Genova (Summer in Genoa. A),1996,Coralie Detoc,9.09,Drama|Romance
Halloween 4: The Return of Michael Myers,1990,Bernette Flintuff,4.01,Horror
Last Trapper. The (Le dernier trappeur),2010,Pavel Headon,6.91,Adventure|Documentary
Top Dog,2000,Wood Sellers,4.43,Action|Comedy|Crime|Thriller
Over the Brooklyn Bridge,2001,Kipp Stubbins,1.44,Comedy
Otaku,2001,Chadwick Shinefield,3.95,Documentary
Pigs,1998,Laverna Welfair,8.83,Comedy
Brooklyn Dodgers: The Ghosts of Flatbush,1992,Conrade Littlekit,0.5,Documentary
The Forgotten Faces,1991,Janelle Castiglione,6.17,(no genres listed)
Valley of the Dolls,1998,Hugibert Penk,6.76,Drama
Summer at Grandpa's. A (Dong dong de jia qi),2012,Papageno Lightbowne,1.08,Drama
Axed,1995,Udall Hause,6.37,Drama|Horror|Thriller
Delusion,2012,Prescott Rentelll,1.0,Crime|Drama|Thriller
Battle Beyond the Stars,2010,Jamie Dahlbom,6.68,Sci-Fi
Cabinet of Caligari. The,2002,Phineas Tuft,9.92,Thriller
Loft (Rofuto),2005,Shelden Seamark,6.68,Horror
Where the Heart Is,1993,Eddie MacIan,8.69,Comedy|Drama
Weeds,2009,Effie Lyttle,4.15,Drama
Conspirator. The,2000,Felipe Iacovelli,6.03,Drama
ATM,2004,Kasper Oxbrough,0.38,Horror|Thriller
Matter of Life and Death. A (Stairway to Heaven),1994,Linda Boyn,7.61,Drama|Fantasy|Romance
Bukowski: Born into This,1991,Caleb Mattei,6.89,Documentary
Kill Me Later,1993,Malinde Harriott,8.23,Romance|Thriller
Pete's Dragon,2013,Ware Cyples,1.83,Adventure|Animation|Children|Musical
Kocken,2009,Merrel McSharry,0.44,(no genres listed)
Grotesque (Gurotesuku),2012,Ase Elger,9.73,Horror|Thriller
Visitor Q (Bizita Q),2000,Bernardine Swigg,9.96,Comedy|Drama|Horror
Death Race 3: Inferno,2000,Gene de Villier,4.92,Action|Sci-Fi|Thriller
Amor brujo. El (Love Bewitched. A),1992,Goldi Northfield,2.58,Drama|Musical
Burrowers. The,2006,Hewe Bassano,2.04,Horror|Thriller|Western
Once Upon a Time in China II (Wong Fei-hung Ji Yi: Naam yi dong ji keung),2005,Ellette Calken,7.69,Action|Romance
Fullmetal Alchemist the Movie: Conqueror of Shamballa (Gekijô-ban hagane no renkinjutsushi: Shanbara wo yuku mono),2007,Sara Ling,2.99,Action|Adventure|Animation|Drama
Dangerous Beauty,2012,Margalit Barczynski,2.91,Drama
Las Vegas Story. The,1987,Vanya Ryall,9.23,Crime|Drama|Film-Noir
14 Blades (Jin yi wei),2000,Malory Spread,2.47,Action|Drama
Los Bandoleros,2000,Stephenie Cancutt,0.71,Action|Drama
Forest Warrior,1994,Hyatt Mount,2.59,Action|Adventure|Comedy|Western
Cold Creek Manor,2012,Mavra Tee,4.91,Drama|Thriller
Clash of the Titans,2012,Ollie Jepperson,5.03,Action|Adventure|Fantasy|Romance
Bill Cosby. Himself,2003,Tony Glashby,5.91,Comedy|Documentary
Final Destination 2,2003,Chelsae Edgar,6.85,Horror|Thriller
Trap: What Happened to Our Dream of Freedom. The,2009,Janaya Farman,3.26,Documentary
King of Hearts,2002,Inigo Gheeraert,9.12,Comedy|Drama|War
Imposter. The,1992,Craggie Meynell,1.74,Documentary
Uncle Buck,1997,Parker Beathem,7.37,Comedy
Tell Them Anything You Want: A Portrait of Maurice Sendak,2008,Katee Tetsall,8.21,Documentary
Ordinary Decent Criminal,2009,Linzy Eyden,9.35,Comedy|Crime
Kevin Hart: Seriously Funny,2006,Jammal Hurley,4.97,Comedy
Sliding Doors,2003,Meridel Matoshin,2.83,Drama|Romance
My Awkward Sexual Adventure,1999,Dulcia Folkerts,7.52,Comedy
Enfer. L',1994,Estrella Foskew,3.3,Drama
Man. Woman and the Wall (Kikareta onna no mirareta yoru),1992,Tiler Lumly,7.41,Drama|Romance|Thriller
Criminal Code. The,1997,Nate Quincee,6.31,Crime|Drama|Romance
Frenzy,1995,Kurt Kleinstern,7.66,Thriller
Fast and the Furious. The,1996,Morry Deely,0.72,Action|Crime|Thriller
Year of the Gun,1993,Aubrey Detloff,8.77,Action|Romance|Thriller
Separation. A (Jodaeiye Nader az Simin),1999,Erminie Ellings,3.05,Drama
Jakob the Liar,1998,Julius Linnane,4.51,Drama
Boys from Brazil. The,1985,Lloyd Pester,2.37,Action|Mystery|Thriller
Girl. The,1993,Hailey Biddles,3.81,Drama
Someone's Watching Me!,2003,Hannah Kermath,9.86,Horror|Mystery|Thriller
Ruins. The,1985,Martino Bronot,2.27,Horror|Thriller
Calendar Girl,2011,Amery Ailmer,7.09,Comedy|Drama
Casino Jack,1996,Kit Etter,6.18,Comedy|Crime
Little Dorrit,2006,Lennie Aldred,5.8,Drama|Romance
Who'll Stop the Rain,1992,Mattheus Bluett,2.22,Crime|Drama
Chinese Zodiac (Armour of God III) (CZ12),1972,Cindy Arrigo,6.68,Action|Adventure|IMAX
Lupin III: The Castle Of Cagliostro (Rupan sansei: Kariosutoro no shiro),1999,Fawn Dallaway,6.54,Action|Adventure|Animation|Comedy|Crime|Mystery
The Dancer,2004,Wolfy McLinden,7.13,Drama|Romance
Tobacco Road,1986,Murray Cotsford,0.73,Comedy|Drama
Lost Thing. The,2008,Halsey McCrystal,7.43,Animation|Drama|Fantasy
Mr. Holland's Opus,1995,Dolley Fawlkes,5.92,Drama
Mark Twain,2000,Mozelle Tebb,7.57,Documentary
In Therapy (Divã),2006,Joellen Byatt,2.5,Comedy|Drama|Romance
Centurion,1994,William Mollnar,9.01,Action|Adventure|Drama|Thriller|War
SUBWAYStories: Tales from the Underground,1997,Clementina Anglin,2.75,Drama
Air Hawks,1998,Axel Ogelbe,8.85,Action|Drama|Mystery|Romance|Sci-Fi
Simple Simon (I rymden finns inga känslor),1969,Fletcher Blakeley,5.07,Comedy|Drama
Devil,1999,Haily McGirr,7.25,Horror|Mystery|Thriller
Seyyit Khan: Bride of the Earth (Seyyit Han),2008,Eben McKernon,0.95,Drama|Western
Back to the Future Part III,1992,Jillene Kingwell,4.83,Adventure|Comedy|Sci-Fi|Western
Something Real and Good,1997,Serge Kidstoun,9.12,Drama
Henry: Portrait of a Serial Killer,2011,Mildrid Poll,1.61,Crime|Horror|Thriller
It's Good to Be Alive,2011,Talya Hearl,6.11,Drama
Hunting and Gathering (Ensemble. c'est tout),2010,Druci Busfield,6.5,Drama|Romance
Bad Fucking,2000,Hollis Bevens,2.38,Comedy
Orpheus (Orphée),2001,Royal Sellors,7.99,Drama|Fantasy|Romance
Meet Dave,2008,Jude Paver,1.57,Comedy|Sci-Fi
Passchendaele,2011,Addy Bielefeld,6.78,Action|Drama|Romance|War
Inside Paris (Dans Paris),2005,Eldredge Shakshaft,8.39,Drama
Dernier Combat. Le (Last Battle. The),2001,Petronia Staker,2.71,Drama|Sci-Fi
Getting Go. the Go Doc Project,2003,Archibold Gilphillan,8.94,Drama
Suspiria,2003,Torr Haggerwood,5.8,Horror
Sibling Rivalry,2005,Vail Triggol,2.24,Comedy
Water Horse: Legend of the Deep. The,2003,Isidoro Berk,1.14,Adventure|Children|Fantasy
Singing Detective. The,1999,Oberon Wragge,1.58,Comedy|Drama|Musical|Mystery
Time to Die (Tiempo de morir),2006,Lorilyn Horney,4.13,Drama|Western
Sex & Drugs & Rock & Roll,1998,Ninette Bondesen,6.91,Comedy|Drama
Mr. Holland's Opus,2006,Jobie Szymon,8.09,Drama
All I Want for Christmas,2001,Parsifal Bridson,1.61,Children|Comedy
North West Frontier,1984,Kerianne Ostridge,1.75,Adventure|Drama|War
Fracture,2010,Janene Kearley,2.98,Crime|Drama|Mystery|Thriller
Quiet Duel. The (Shizukanaru ketto),2009,Misty Radnage,9.62,Drama
Baytown Outlaws. The,2002,Gilemette MacLaig,4.41,Action|Comedy|Crime
Pekka ja Pätkä puistotäteinä,1998,Katrina Ettridge,6.88,Comedy
Missing William,1995,Adria Jacketts,5.86,Drama
Man on a Mission: Richard Garriott's Road to the Stars,2010,Allix Duckit,8.19,Documentary
Ditchdigger's Daughters. The,2010,Dorree Rottger,8.59,Drama
Logan's Run,2012,Beatriz Jeffcoat,2.43,Action|Adventure|Sci-Fi
A Justified Life: Sam Peckinpah and the High Country,1993,Charles Pigott,2.05,Documentary
Johnny Angel,1999,Starlene Berrey,0.49,Crime|Drama|Film-Noir
Riders,1985,Darcey Grayson,9.91,Action|Crime|Thriller
Polisse,2001,Hill Hellyer,7.69,Crime|Drama
Bed & Board (Domicile conjugal),1992,Simon Shires,6.26,Comedy|Drama
Clouds of Sils Maria,2013,Timmi Piscopo,0.89,Drama
Scream 2,1994,Sonni Colam,7.77,Comedy|Horror|Mystery|Thriller
Lightning Bolt: The Power of Salad,1992,Madge Adenet,1.56,Documentary
Table No.21,2003,Jodee Wynter,3.85,Drama|Thriller
House. The (A Casa),1985,Joli Gepson,5.78,Drama
Valley of the Bees (Údolí vcel),1997,Clemente Comer,4.99,Drama
The Police Can't Move,1986,Thomas Attawell,8.0,Crime
Over the Hedge,2004,Gaby Mawhinney,3.41,Adventure|Animation|Children|Comedy
Full Moon in Blue Water,2007,Garvy Seifenmacher,6.18,Drama
Rage,1990,Hartwell Hutley,5.34,Drama
Tree. The,1996,Garald Albrighton,3.33,Children|Drama
Consenting Adults,2010,Spike Wimbush,5.54,Thriller
Lady in Red. The,2011,Barbara Konzel,7.6,Action
X-Men,1994,Marga Artindale,3.99,Action|Adventure|Sci-Fi
Indiana Jones and the Kingdom of the Crystal Skull,1996,Joellyn Gregersen,6.31,Action|Adventure|Comedy|Sci-Fi
The Fault in Our Stars,2012,Fern Velde,4.84,Drama|Romance
Beyond the Gates of Splendor,2006,Konstance Defrain,2.48,Documentary
Planet of the Apes,2012,Gerianne Cabel,0.36,Action|Adventure|Drama|Sci-Fi
Scream 4,2011,Gillie Grabham,4.96,Comedy|Horror|Mystery|Thriller
Secret Life of Bees. The,2006,Kat Canete,1.21,Drama
Aziz Ansari: Live at Madison Square Garden,2001,Rina Abrahmson,8.12,Comedy
Spirit of St. Louis. The,1991,Rachele Pickthorne,6.58,Adventure|Drama
Real McCoy. The,1992,Consuela Moberley,0.46,Drama
Passion of Mind,1991,Tom Sigward,4.79,Drama|Mystery|Romance
Hurricane. The,2004,Tiffani Pharaoh,0.93,Action|Drama|Romance
Pellet (Bola. El),2010,Kirsteni Dolan,8.57,Drama
Shadow Warriors 2 (Assault on Devil's Island),1997,Darsie McCue,7.78,Action|Adventure|Thriller
The Road to Glory,1997,Rene Wattinham,7.42,Drama|War
Bye Bye Braverman,2004,Daryle Jozefiak,6.51,Comedy|Drama
Say Anything...,2003,Mia Counter,7.91,Comedy|Drama|Romance
Phantom of the Megaplex,2007,Orland Selby,8.08,Action|Children|Comedy|Mystery
Return of Frank James. The,2000,Kaja Routhorn,2.75,Western
22 Bullets (L'immortel),1987,Rhetta Willimott,6.14,Action|Crime|Thriller
Stir Crazy,1986,Lenette Lenney,0.14,Comedy
Thick-Walled Room. The (Kabe atsuki heya),1990,Cammy Skyppe,2.59,Drama|War
Lumumba,2012,Hube Gillbard,0.97,Drama
Frozen Ghost. The,1994,Essy Bardill,3.14,Mystery
Santa Claus Is a Stinker (Le Père Noël est une ordure),1998,Bradney Bockmann,8.79,Comedy
Forbidden Planet,1989,Coralyn Lydden,6.2,Drama|Sci-Fi
Something Wicked This Way Comes,2012,Midge Bointon,3.7,Children|Drama|Fantasy|Mystery|Thriller
Over-Eater. The (L'outremangeur),2008,Germana Birts,3.73,Crime|Drama
Night of the Shooting Stars (Notte di San Lorenzo. La),2012,Gabi Lenthall,3.25,Drama|War
Talk Radio,2007,Dunstan Allflatt,7.59,Drama
Flight of the Phoenix. The,2002,Jamill Eisikovitsh,4.61,Action|Adventure|Drama
Crimewave,1997,Jonah Houten,7.47,Comedy|Crime
Peculiarities of the National Fishing (Osobennosti natsionalnoy rybalki),2007,Catherin Predohl,2.62,Comedy
Strange Circus (Kimyô na sâkasu),1999,Son Winchcomb,6.64,Horror|Mystery|Thriller
Innkeepers. The,2008,Tandi Gerren,2.98,Horror|Thriller
Birth,1987,Emmalyn Dunkley,7.51,Drama|Mystery
Moonbase,1996,Ollie Kleinfeld,8.08,Sci-Fi
Panic in Needle Park. The,2002,Vanny Sykora,7.28,Drama|Romance
Fangs of the Living Dead (Malenka),2010,Analise Poad,1.17,Horror
Demolition Man,2009,Siusan Crooke,1.46,Action|Adventure|Sci-Fi
Bears,2013,Marylinda Conibeer,2.52,Documentary
Red Riding: 1974,1993,Normy Widdowson,4.82,Crime|Drama|Mystery|Thriller
Short Term 12,2006,Anestassia Robet,3.55,Drama
No Where No One (Hich Koja Hich Kas),2005,Karim Wride,6.03,Drama|Romance
Final Approach,1986,Godfree Davio,3.72,Sci-Fi|Thriller
You're Missing the Point,2006,Larisa Fossord,8.16,Comedy
Twilight,2009,Alasteir Isacoff,1.46,Drama|Fantasy|Romance|Thriller
187 (One Eight Seven),1995,Hyman Catteroll,9.73,Drama|Thriller
Dog Day Afternoon,1998,Jacklyn Danilchik,5.27,Crime|Drama
Overnight Delivery,2011,Vic Titcombe,7.44,Comedy|Romance
Chronicle of Anna Magdalena Bach. The (Chronik der Anna Magdalena Bach),2009,Sauncho Duley,1.4,Drama
Ann Carver's Profession,2008,Virginie Benck,3.11,Drama
Streets of Fire,1967,Misty Haseley,0.44,Action|Romance
Promotion. The,2001,Mariette Dunnett,2.79,Comedy
Village of the Giants,1998,Giraldo Lyosik,4.06,Sci-Fi
Lunopolis,2001,Kassie Di Boldi,3.56,Sci-Fi
How to Eat Your Watermelon in White Company (and Enjoy It),2003,Nesta Halm,3.96,Documentary
Tender Mercies,1993,Aldon Baroch,0.4,Drama|Romance|Western
Get Shorty,1988,Rasia Gretton,2.05,Comedy|Crime|Thriller
Family Secrets (Familjehemligheter),1977,Essa Themann,5.75,Drama
Big Bad Mama,2012,Leslie Deval,0.3,Action|Comedy
Next Step. The,2004,Margaretta Delion,0.57,Drama
Kinyarwanda,1993,Marti Foyle,8.2,Drama|Romance
Mission Bloody Mary,1993,Kacy Besemer,7.1,Adventure
Deadly Surveillance,1966,Janith Hinken,2.59,Action|Drama|Thriller
Toy Story That Time Forgot,2006,Fanechka Dell'Abbate,1.6,Animation|Children
Chromophobia,2012,Lu Bloom,3.17,Drama
Smoke Signals,1998,Corinne Elcox,6.22,Comedy|Drama
Invisible Ghost,2001,Sonni Connow,9.32,Action|Horror|Mystery|Thriller
Sexy Beast,1994,Willie Seedull,9.59,Comedy|Crime|Drama
Spetters,1993,Obidiah Grigori,9.03,Comedy|Drama
They Won't Forget,2003,Mauricio Jancey,4.21,Drama|Mystery
Rollercoaster,2002,Hilary Breton,2.75,Drama|Thriller
First Love (Primo Amore),1994,Penelope Hendricks,5.81,Drama|Romance
Good Girl. The,2006,Doralia Balling,7.81,Comedy|Drama
Mendy: A Question of Faith,2008,Kristina Spear,3.5,Drama
Howling V: The Rebirth,2002,Tynan Zannuto,3.59,Horror
Roadside Prophets,2011,Dore Brushfield,2.98,Comedy|Drama
Enemy of the State,1996,Arlen Harrie,4.41,Action|Thriller
Lightspeed,2013,Jesse Staggs,1.5,Action|Fantasy|Sci-Fi
Blue Valentine,1996,Rochester Povey,8.07,Drama|Romance
Extraordinary Measures,1993,Nial Duffyn,9.59,Drama
Six in Paris (Paris vu par...),2005,Abbe Heber,4.1,Drama|Romance
Black Roses ,1998,Guillermo Gilcriest,5.45,Horror|Musical
Impulse,2002,Billi Blaksley,4.42,Mystery|Sci-Fi|Thriller
Carmen,2000,Skip Bettison,6.92,Drama
Part of the Weekend Never Dies,1998,Konstantin Breckwell,0.8,Documentary
Agent Red,2012,Chloe Raven,3.63,Action
Soul Food,2002,Ludovika Hafner,1.02,Drama
Wake of the Red Witch,2007,Traver Francesch,4.05,Action|Adventure|Drama
Halloween Tree. The,1987,Zachariah Prestie,9.88,Animation|Children
Triad Election (Election 2) (Hak se wui yi wo wai kwai),2008,Stevie Pemble,5.3,Crime|Drama|Thriller
Vikings. The,1995,Worthington Shadwick,1.01,Action|Adventure
Invisible Woman. The,1997,Vittorio Trowill,0.41,Drama|Romance
Hobbit: The Desolation of Smaug. The,1997,Urban Jobbins,4.71,Adventure|Fantasy|IMAX
Town Called Hell. A,1985,Mindy Sentinella,0.72,Action|Comedy|Drama|Western
Zu: Warriors from the Magic Mountain (Xin shu shan jian ke),2008,Loretta Skillett,7.88,Action|Adventure|Fantasy|Horror
Finding Neverland,2004,Dennison Kennaird,7.19,Drama
Passage to Marseille,1995,Cathie Simonitto,8.41,Adventure|Drama|War
Stepfather II,2009,Axe Karpeev,0.65,Horror|Thriller
To the Sea (Alamar),2008,Yehudi Fulle,8.67,Drama
Road House,2002,Zacharie Stilly,7.83,Drama|Film-Noir
Wet Parade. The,1985,Clemmy Backson,6.22,Drama|Romance
Marty,1986,Seumas Keyse,9.87,Drama|Romance
Love Me Tonight,2000,Itch Cortese,0.74,Comedy|Musical
Mister Magoo's Christmas Carol,1994,Hermina Tommasi,9.35,Animation|Children|Comedy|Drama|Fantasy|Musical
Monsters,1995,Byrann Comer,4.15,Drama|Sci-Fi
Navigators. The,2003,Roderick Umpleby,8.33,Comedy|Drama
Craig Ferguson: I'm Here To Help,1995,Hamish Tumbelty,8.01,Comedy|Documentary
Cockfighter,1984,Jackquelin Ruddle,2.41,Drama
Mystery of the 13th Guest,2002,Willie Casale,1.19,Crime|Mystery
Samurai II: Duel at Ichijoji Temple (Zoku Miyamoto Musashi: Ichijôji no kettô),2001,Marijo Duggan,9.04,Action|Adventure|Drama
Beyond The Hills,1998,Nigel Agerskow,9.05,Drama
Winchester '73,2004,Christophe O'Corrane,2.22,Western
Prom,2009,Douglass Muress,1.91,Comedy|Drama
Door in the Floor. The,1985,Christel Putley,8.06,Drama
Pied Piper. The (Pied Piper of Hamelin. The),2000,Ignacio Fuggle,2.59,Children|Drama|Fantasy|Musical
Omagh,1995,Malia Dransfield,1.34,Drama
À nos amours,2004,Olympia Bruneau,9.16,Drama|Romance
Conclave. The,1997,Silvano Blare,5.62,Drama
Cold Turkey,2012,Etty Benaine,5.76,Comedy
Nightmares in Red White & Blue: The Evolution of the American Horror Film,1989,Devan Lumby,0.25,Documentary|Horror
Eddie Izzard: Force Majeure Live,2005,Bond Ryrie,8.28,Comedy
Ghost Story,2007,Beulah Assaf,1.15,Drama|Horror
American History X,1996,Marcel Jenne,9.46,Crime|Drama
O'Horten,2011,Jacintha Boultwood,2.32,Comedy|Drama
Blind Menace. The (Shiranui kengyô),2010,Kitti Van der Baaren,0.07,Crime|Drama
Gold,2008,Domenico Koche,8.36,Action|Adventure|Drama|Thriller
Day of the Dead 2: Contagium,1992,Mireielle Bindley,2.68,Horror|Sci-Fi
Shadow Conspiracy,2006,Addie Humpatch,2.88,Thriller
Search for the Beast,1988,Eberhard Spitell,8.19,Horror
Never Ever! (Nigdy w zyciu!),2006,Emanuel Kemwal,9.14,Comedy|Romance
Bertsolari,1998,Red Kunneke,6.9,Documentary
Rabbit Test,2003,Nikoletta Fishbie,1.16,Comedy
Lone Survivor,2000,Burgess Cleverly,2.59,Action|Drama|Thriller|War
Riding the Bullet,1988,Jaquenette Rosenhaupt,9.46,Horror|Thriller
Prinsessa (Starring Maja),2009,Kali Linkin,5.89,Drama
Fool's Gold,1988,Ruprecht MacGinlay,0.93,Action|Adventure|Comedy|Romance
Captain Phillips,1989,Ban Zannotelli,6.16,Adventure|Drama|Thriller|IMAX
The Eagle and the Hawk,2001,Janela Amaya,5.68,Action|Drama|War
Evidence of Blood,1994,Timothy Blampied,0.64,Crime|Drama|Mystery|Thriller
Mission to Mars,2005,Randie Murrells,4.9,Sci-Fi
Outrage (Autoreiji),1998,Edee Teodoro,7.58,Crime|Drama
Corporation. The,1997,Grete Kynton,2.91,Documentary
Out-of-Towners. The,1996,Angele Jeannard,6.53,Comedy
Exit to Eden,2011,Mohammed Romayn,5.0,Comedy
Gun Fury,2003,Birgitta Revey,0.42,Action|Adventure|Crime|Western
Law and Order,1989,Cale Ibbeson,7.53,Action|Romance|Western
Men to Kiss,1988,Franciska Giovanetti,5.0,Comedy|Romance
Delusion,2007,Corrie Bernardi,3.78,Crime|Drama|Thriller
Amazon Women on the Moon,1985,Ulberto Blezard,6.79,Comedy|Sci-Fi
Fred: The Movie,2011,Tandy Durant,2.18,Comedy
Lake Placid,2001,Elbertine Tidmarsh,7.45,Horror|Thriller
Cutie Honey,2008,Hayward Dronsfield,7.6,Action
No Good Deed (a.k.a. The House on Turk Street),1988,Minerva Wanka,2.35,Crime|Drama|Thriller
Amarcord,1996,Kiah Gass,1.82,Comedy|Drama
XX/XY,2007,Barth Ledley,6.75,Drama|Romance
Apartment 4E ,2004,Rosalynd Tackett,2.0,Drama|Mystery
Latitudes,1995,Albie O'Nowlan,0.59,Drama|Romance
Great War. The (Grande guerra. La),1999,Guinna Truman,0.07,Action|Adventure|Comedy|Drama|War
Gimme the Loot,1999,Jephthah Hanwell,2.29,Drama
Inuyasha the Movie: The Castle Beyond the Looking Glass,2009,Maddie Kemmer,8.48,Action|Animation|Comedy|Romance
Sorority Row,2003,Janel Spours,2.56,Horror|Thriller
Dam Busters. The,2001,Peta Bredes,2.29,Action|Drama|War
Cockneys vs Zombies,2012,Mariejeanne Pendrigh,8.73,Comedy|Horror
Gabbeh,1984,Erv Gronauer,1.45,Drama
Mondo Topless,1998,Normie Spinks,3.76,Documentary
Villain. The,2002,Stanfield Braganca,3.3,Comedy|Western
Hospital,1963,Sara Haylor,7.9,Documentary
Quick Change,1992,Julina Curado,5.26,Comedy|Crime
King of Escape. The (Le roi de l'évasion),2003,Ophelie Payn,3.81,Adventure|Comedy
Big Bad Wolves,2004,Janis Trewinnard,0.47,Crime|Thriller
Barbary Coast,1990,Kean Brazener,2.01,Adventure|Drama|Romance|Western
Last Time I Saw Archie. The,2005,Burlie Stancliffe,4.54,Comedy|Romance|War
Arachnophobia,2007,Beverley Notley,1.31,Comedy|Horror
Moscow Does Not Believe in Tears (Moskva slezam ne verit),1990,Raimundo Woolaston,6.09,Drama|Romance
Jingle All the Way 2,1991,Idette Torrance,3.04,Children|Comedy
Knock Off,1994,Chrysler Kilby,4.61,Action
The Dust Bowl,2001,Jillene Haskell,1.69,Documentary
Beast from Haunted Cave,2012,Maxim Crenage,8.78,Crime|Horror|Romance
Never a Dull Moment,1988,Mart Oylett,7.44,Children|Comedy|Crime
Plot Against Harry. The,2011,Aeriel Gwatkin,1.61,Comedy
Generation Um...,2011,Nickie Clemente,1.71,Drama
Cabin in the Woods. The,1986,Elianore Kubyszek,0.39,Comedy|Horror|Sci-Fi|Thriller
Kal Ho Naa Ho,1995,Horatia Baile,5.29,Comedy|Drama|Romance
Escape Artist. The,2012,Melony Mostin,4.94,Drama
Swan Princess: The Mystery of the Enchanted Treasure. The,2005,Berni Shewry,9.5,Animation|Children|Fantasy|Mystery
Company Business,2006,Dukey List,3.78,Action|Comedy
Mr. Freedom,2006,Ollie Jermin,5.33,Comedy
In the Name of the King III,2000,Graig Wilhelmy,6.17,Action|Adventure|Drama|Fantasy
Women of the Night (Yoru no onnatachi),1989,Meggy Gounod,5.2,Drama
Funny Lady,1995,Maisey Treadgear,5.23,Comedy|Musical
Mirror Crack'd. The,2008,Donnie Macura,0.55,Crime|Mystery|Thriller
Soapdish,2011,Saunder Bentjens,2.66,Comedy
House by the Cemetery. The (Quella villa accanto al cimitero),1995,Marcellina Malletratt,8.0,Horror
Talk of Angels,2008,Sadye Rockhill,9.39,Drama
Delhi Belly,2009,Haley Banstead,4.31,Comedy|Crime
Greatest Game Ever Played. The,1993,Stacy Bydaway,4.9,Drama
Vampire Apocalypse,2006,Christiano Andreini,6.93,Comedy|Horror
Grill Point (Halbe Treppe),1997,Lionello Fidock,2.42,Drama
You Were Never Lovelier,2003,King Rosenblum,6.69,Comedy|Musical|Romance
Winner. The,2004,Diane-marie Durno,1.86,Comedy|Crime|Thriller
Talent for the Game,2000,Germain Addlestone,1.55,Drama
Dark Angel. The,2007,Lauralee Townsley,4.07,Drama|Romance
Non-Stop,2006,Quintana Leming,1.5,Action|Mystery|Thriller
Woman of Affairs. A,1995,Lanny Nairy,6.74,Drama
Bouncing Babies,1994,Lucien Hugenin,3.98,Comedy
Crew. The,2010,Cale Keilty,5.45,Action|Crime|Drama|Thriller
Don Quixote,1965,Jdavie Fazackerley,7.43,Adventure|Comedy|Drama
Three Men and a Cradle (3 hommes et un couffin),1993,Shaina Stelljes,7.39,Comedy
Far from Heaven,2010,Addia De Blasiis,4.03,Drama|Romance
Interrogation. The (Kuulustelu),1986,Terrell Sokell,1.25,Drama
Master of the House (Du skal ære din hustru) (Thou Shalt Honour Thy Wife),2011,Falkner Jirsa,4.96,Drama
You May Not Kiss the Bride,2009,Alina Frude,7.13,Action|Comedy|Crime|Romance
Paraíso Travel,1996,Bobbi Brackpool,5.6,Adventure|Drama|Romance
Jerry Maguire,1993,Sophronia Goering,0.65,Drama|Romance
Jerichow,2011,Sargent Brackstone,3.56,Drama
Tatort: Im Schmerz geboren,2006,Blondie Searles,8.62,Crime
Tightrope,2013,Juli Syphus,2.24,Thriller
American Hustle,2010,Sharia Goshawke,1.6,Crime|Drama
Wood. The,2007,Wait Eliesco,1.27,Drama
Battle of Algiers. The (La battaglia di Algeri),1994,Zelig Probbings,8.87,Drama|War
Deuce Bigalow: Male Gigolo,1988,Lincoln Dyment,8.57,Comedy
All Night Long,2002,Sutton Shepstone,7.29,Comedy|Drama
Midnight Clear,2007,Shermy Borland,5.19,Drama
Russian Roulette,2000,Theda Dearnley,5.36,Drama|Thriller
Red State,2012,Arthur Bembrigg,4.21,Horror|Thriller
Unintentional Kidnapping of Mrs. Elfriede Ott. The (Die Unabsichtliche Entführung der Frau Elfriede Ott),2000,Minnnie Billingham,1.88,Comedy
Nightmare Castle (Amanti d'oltretomba) (Lovers from Beyond the Tomb) (Faceless Monster. The),2010,Emmey Bellefonte,7.81,Horror
Righteous Kill,2007,Devland Emanuel,2.18,Crime|Mystery|Thriller
Jack,1988,Christian Boord,0.51,Comedy|Drama
Angela,1984,Ursula Vakhonin,0.9,Drama
Dedication,1995,Matias Wands,1.07,Comedy|Drama|Romance
Rope,2012,Warren Drewe,6.72,Crime|Drama|Thriller
Black Knight,2002,Coraline de Mendoza,9.7,Adventure|Comedy|Fantasy
Blinkity Blank,2000,Gerry Ternent,9.62,Animation
The Skinny,1998,Freddy Holwell,1.7,Comedy|Drama|Romance
Dirty Dozen. The: The Fatal Mission,1994,Myrilla Egger,8.87,Action|Adventure|War
Jack the Giant Killer,2011,Nicolea Vasin,1.89,Adventure|Fantasy
Nanny Diaries. The,1978,Jo Buckenham,3.87,Comedy|Drama|Romance
Death and the Maiden,1991,Damiano Daborn,7.46,Drama|Thriller
The Disappearance of Eleanor Rigby: Her,2004,Therine Heyburn,8.82,Drama
Haunted Castle. The (Hiroku kaibyô-den),2003,Brant Cardenosa,3.61,Horror
Willard,2000,Prudy Blachford,1.52,Horror
Coco Before Chanel (Coco avant Chanel),2008,Jerrie Grahlman,6.38,Drama
Heaven,1994,Lizbeth Brazenor,9.01,Thriller
Day at the Races. A,2011,Murielle Tremblet,7.82,Comedy|Musical
Buster,1995,Barry Rizzello,0.72,Comedy|Crime
Semi-Tough,2009,Alvie Winterborne,9.5,Comedy
Return to Salem's Lot. A,2009,Esther Brasher,5.97,Horror
Until Death,1999,Whitney Apfel,7.54,Action|Drama|Thriller
Richard III,2007,Svend Bridgens,7.47,Drama
Immortel (ad vitam) (Immortal),1998,Hannis Fackney,7.19,Action|Adventure|Animation|Fantasy|Sci-Fi
Moonwalker,1987,Dev Yglesias,2.65,Musical
Chiedimi se sono felice,1999,Skip Spacey,3.77,Comedy|Drama
Man Who Haunted Himself. The,1986,Pamella Fink,6.31,Drama|Fantasy|Horror|Mystery|Thriller
Lotta 2: Lotta flyttar hemifrån,1990,Bryn Fellman,9.9,Children
LEGO DC Comics Super Heroes: Justice League vs. Bizarro League,1998,Allis Alessandone,8.13,Action|Adventure|Animation|Children
Kansas City Confidential,2001,Mariann Darth,3.9,Crime|Drama|Film-Noir|Mystery
Our Town,1994,Emory Crosdill,8.99,Drama|Romance
Last Samurai. The,2006,Jeanette Crownshaw,8.82,Action|Adventure|Drama|War
Shame (Skammen),2002,Binky Nickless,8.83,Drama|War
Dutch,2003,Tabby Sherrard,7.09,Comedy
Wizards,1986,Corbett Lowerson,0.46,Animation|Fantasy|Sci-Fi|War
Ernest & Célestine (Ernest et Célestine),2007,Melisa Gaymar,4.52,Adventure|Animation|Children|Comedy|Drama|Romance
Gantz: Perfect Answer,1995,Enrica Willwood,8.38,Action|Mystery|Sci-Fi
Everybody's All-American,1992,Jocko Deviney,3.43,Romance
Coming Home (Gui lai),1993,Joellen Metschke,4.53,Drama
Shottas,2001,Ax Tomkowicz,5.08,Action|Crime|Drama
Undiscovered,2006,Roldan Rogliero,7.46,Comedy|Drama|Romance
Adventures of Don Juan,1996,Reidar Gerson,4.51,Adventure|Romance
Transylvania 6-5000,1995,Mac Caff,4.99,Comedy|Horror
Intern. The,1997,Alard Wise,1.3,Comedy
Inherit the Wind,2005,Jase Jankiewicz,2.47,Drama
Godzilla vs. Mechagodzilla II (Gojira VS Mekagojira),1960,Thane Breissan,0.73,Action|Drama|Sci-Fi
Amber Lake ,2010,Nikos Witherington,1.81,Drama|Thriller
Here Comes Cookie,2007,Michaelina Trulock,2.92,Comedy
If Winter Comes,2004,Emmeline Jull,9.79,Drama
My Name Is Julia Ross,2008,Tammara Gillibrand,5.28,Drama|Film-Noir|Mystery
Life and Death of Colonel Blimp. The,2005,Russ Trouel,4.5,Drama|Romance|War
Edge of Heaven. The (Auf der anderen Seite),1999,Teddy Frichley,7.13,Drama
Education of Charlie Banks. The,1988,Jilli Carreck,0.77,Drama
Ronde. La,2006,Jaquelin Rummin,4.45,Drama
Fitzgerald Family Christmas. The,1994,Pauline Begley,0.21,Drama
Apollo 13,2004,Cecil McAne,2.31,Adventure|Drama|IMAX
Big Snit. The,2006,Colby Dunn,2.38,Animation|Comedy
Brigham Young,1997,Rasla Richemond,2.12,Romance|Western
Corto Maltese: Under the Sign of Capricorn (Sous le signe du capricorne),2000,Gaylene Gatcliff,4.69,Animation|Drama|Romance|War
Not of This Earth,2002,Beatrisa Northleigh,0.96,Sci-Fi
Jury Duty,2010,Aeriell Strand,9.1,Comedy
Steal This Film II,1999,Marlo Dennistoun,1.05,Documentary
Wild Hogs,2012,Myrtice Langtree,7.41,Adventure|Comedy
Jesus Christ Vampire Hunter,1991,Abdel Harland,2.92,Action|Comedy|Horror|Musical
Experimenter,2002,Lorelle Hincks,4.75,Drama
13/13/13,2002,Budd Birney,9.57,Horror
Prom Queen: The Marc Hall Story,1987,Rutter Caley,5.01,Comedy|Drama
Peacemaker. The,2003,Cazzie Grunson,2.89,Action|Thriller|War
Payback,2002,Shandee Lalevee,0.32,Action|Thriller
Company: Original Cast Album,2011,Ugo Naish,0.85,Documentary|Musical
One Night Stand,1996,Estel Bellhanger,1.21,Drama
Why Worry?,1987,Dwight Cavanagh,0.54,Adventure|Comedy|Romance
Into the Deep,2010,Bernhard Colbourn,5.2,Documentary|IMAX
Oscar and the Lady in Pink,2009,Stan Klewer,1.18,Drama
Harry Brown,2007,Mollie De Benedetti,8.02,Crime|Drama|Thriller
Kalevala - Uusi aika,2010,Alyse McGilmartin,5.53,Drama|Fantasy
Brown of Harvard,1987,Darla Scottesmoor,9.96,Drama|Romance
Stoplight Society. The (La Sociedad del Semáforo),2010,Steffane Holdworth,3.87,Drama
Delivery Man,2005,Milzie Attenborough,3.23,Comedy
Night Terrors,2006,Blair Loade,8.1,Horror
Love Me Tender,2009,Esteban Hulk,7.04,Musical|Western
Stagecoach,2010,Camila Gaukrodge,3.81,Western
Lover's Knot,2010,Karlik Moles,0.33,Comedy
Fellini's Roma (Roma),2002,Yule Coulthart,4.55,Drama
White Noise 2: The Light,2008,Lissi Rudman,8.07,Drama|Horror|Thriller
Under African Skies,2012,Steve Klassmann,6.69,Documentary
Barefoot Gen 2 (Hadashi no Gen II),1992,Fons McGiveen,2.43,Animation|Drama|War
Prince of Egypt. The,2010,Tiffy Brave,7.68,Animation|Musical
On Her Majesty's Secret Service,2002,Kelly Sinkinson,3.85,Action|Adventure|Romance|Thriller
Camp Hell,1994,Glori Rule,4.73,Thriller
Cold Trail (Köld slóð),1996,Elayne Downing,2.76,Drama|Mystery|Thriller
Antitrust,1999,Lavinia Garci,4.64,Crime|Drama|Thriller
Mummy's Curse. The,1997,Lorinda Darlison,5.34,Horror
Atlantis: Milo's Return ,2010,Fawnia Shelsher,4.45,Action|Adventure|Animation|Children|Comedy|Fantasy
Ghostbusters II,2009,Hyacinthia Guinan,4.46,Comedy|Fantasy|Sci-Fi
Kumaré,2003,Ferdinand Rickertsen,1.61,Documentary
Pain & Gain,2011,Cathe Burnham,5.27,Action|Comedy|Crime
Perfect,1997,Jeno Grenkov,5.32,Drama|Romance
Lost Reels of Pancho Villa. The (Los rollos perdidos de Pancho Villa),1993,Susanna Berresford,2.44,Documentary
Passion,2007,Lesley Lagde,9.27,Crime|Drama|Mystery|Thriller
Girl Walks Into a Bar,1996,Krystalle Yorston,2.14,Comedy|Drama|Fantasy
Senotaji,2004,Casandra Goncaves,3.59,Comedy
Dead Pool. The,2012,Iris Alenikov,4.12,Action|Crime|Thriller
The Photographer,2012,Galina Grishakov,5.04,Drama
Voices,2012,Gilberto Shillom,7.81,Drama|Romance
Where's Poppa?,2001,Billy Hortop,6.03,Comedy
One Tough Cop,1986,Uta Buffham,9.1,Action|Crime
Violet & Daisy,2006,Fletcher Fry,4.65,Action|Drama
Happy Gilmore,1984,Neron Benedicte,7.78,Comedy
Three Coins in the Fountain,2007,Eleonore Di Bartolommeo,4.47,Drama|Romance
Partners: The Movie II (Aibô: Gekijô-ban II),2012,Bonnee Chetwynd,3.24,Drama
Jane Eyre,2005,Luther Beavers,8.79,Drama|Romance
Anguish (Angustia),2002,Helenka Dutt,6.3,Horror
In Harm's Way,2007,Vitia Grimsey,6.52,Drama|War
Ridicule,1989,Faith Webling,5.63,Drama
Ugly. The,1988,Tildi Younie,3.61,Horror|Thriller
House of 1000 Corpses,1995,Antonie Bunnell,8.62,Horror
SIS,1992,Alverta Glozman,8.18,Action|Crime|Drama|Thriller
House of the Devil. The,1991,Karney Gateshill,6.44,Horror|Thriller
Hollow Reed,2007,Robby Eilhersen,0.05,Drama
Last Days on Mars. The,2012,Drud Dutnell,7.71,Horror|Sci-Fi
Smilin' Through,2009,Loren Swinburn,0.58,Drama|Romance
Kiss and Make-Up,1984,Sky Shorthouse,0.9,Comedy|Musical|Romance
The Man in Possession,1999,Dilan Leasor,7.08,Comedy
When Nietzsche Wept,1965,Jaquenette Leckenby,7.08,Drama
Stone Reader,1996,Etienne Kilpatrick,3.87,Documentary
Holiday,2007,Germain Garrison,4.43,Comedy|Drama|Romance
Love Comes Softly,2002,Ezri Dawes,9.9,Drama|Romance|Western
Ed,2005,Rachelle Eefting,8.81,Comedy
Elephant Man. The,1999,Rorke Dossettor,6.99,Drama
Toys in the Attic,1991,Carolan Baldock,6.29,Drama
Support Your Local Gunfighter,1990,Lind Pascoe,1.05,Comedy|Romance|Western
Better Luck Tomorrow,2002,Salome Kliner,0.75,Crime|Drama
Towering Inferno. The,2011,Dur Theuss,1.61,Action|Adventure|Drama|Thriller
Hood of Horror,2010,Ave D'Aulby,9.75,Comedy|Drama|Horror
Intermission,1994,Fulton Glanton,6.02,Comedy|Crime|Drama
Delicate Art of Parking. The,1992,Lydie Maseres,9.82,Comedy
Our Daily Bread (Unser täglich Brot),2010,Jedidiah Hassent,1.07,Documentary
Nature Calls,1993,Antonino Barczewski,9.23,Comedy
Casting Couch,1994,Sarge Danniel,9.99,(no genres listed)
Cellar. The (Huset vid vägens ände),1993,Tabbi Faulkes,6.25,Horror|Thriller
Fantasia 2000,2009,Upton Summerill,9.21,Animation|Children|Musical|IMAX
Sorority Wars,2007,Vilhelmina Canfer,2.21,Comedy|Drama
Strange Cargo,2001,Nydia Burmaster,8.23,Drama
Pussy Riot: A Punk Prayer,2006,Fabio Cradoc,6.15,Documentary
Children of a Lesser God,2008,Sauncho Misson,7.04,Drama
Babadook. The,2004,Davin Forsey,2.75,Drama|Horror|Thriller
Million Dollar Duck. The (a.k.a. $1.000.000 Duck),2001,Douglas Royan,3.77,Children|Comedy
Hand. The (Ruka),1993,Naoma Ottosen,2.06,Animation
Green Street Hooligans (a.k.a. Hooligans),2011,Bryon Blaze,2.88,Crime|Drama
Disorder,2011,Jacobo Klaves,7.75,Documentary
Ass Backwards,1967,Kahlil Cordel,9.19,Comedy
Iron Monkey (Siu nin Wong Fei-hung ji: Tit Ma Lau),2012,Adelaida Dracksford,1.2,Action|Comedy
Tales from the Crypt Presents: Bordello of Blood,2008,Kati Marielle,9.85,Comedy|Horror
May 18 (Hwaryeohan hyuga),1994,Lurline Bancroft,2.69,Drama
Bloodbrothers,1993,Iona Leet,5.84,Drama
End of America. The,2009,Dian Ellerby,6.45,Documentary
Passion of Ayn Rand. The,2002,Keely Grisley,9.86,Documentary|Drama|Romance
Love. Money. Love,2009,Zuzana Geddes,4.89,Drama|Romance
Wings of Courage,1996,Pegeen Backshaw,3.68,Adventure|Romance|IMAX
Anatomy of a Love Seen,2005,Ahmed Hanton,7.33,Drama|Romance
Now You See Me,1986,Brinn Mitcham,5.79,Crime|Mystery|Thriller
I Was A Communist for the FBI,2011,Jackie Mulroy,1.67,Drama|Film-Noir|Thriller
Loaded,2003,Clifford Dumke,8.07,Action|Crime|Drama|Thriller
Big Knife. The,1999,Dianne Brim,5.52,Film-Noir
Léon: The Professional (a.k.a. The Professional) (Léon),2004,Erik Gostall,7.78,Action|Crime|Drama|Thriller
Nancy Goes to Rio,2006,Bobbi Sertin,0.69,Comedy|Musical
King of Beggars (Mo jong yuen So Hat-Yi),1998,Cariotta Bernlin,3.4,Action|Comedy|Drama
Hostile Intentions,1986,Milty Moulton,6.73,Action|Drama|Thriller
New Life. A (La vie nouvelle),2001,Gwenny McLeese,7.43,Drama
Lightning Jack,2011,Darleen Rundle,4.34,Comedy|Western
West Side Story,1997,Berte McCloud,8.23,Drama|Musical|Romance
Big Trouble in Little China,1997,Bernita Sommerlin,6.1,Action|Adventure|Comedy|Fantasy
How High,2011,Gibb Privost,3.3,Comedy
Antarctica,1988,Shell Bartoshevich,4.76,Adventure|Drama
Miss Sweden (Fröken Sverige),1996,Candy Howen,1.91,Drama
Carandiru,2001,Dana Nicholls,8.1,Crime|Drama
Getting It Right,2000,Dorothee Mugford,7.04,Comedy|Drama
Clean Slate,1998,Robbie Brigginshaw,3.43,Comedy
I Origins,2004,Dora Schuck,8.64,Drama|Sci-Fi
My Foolish Heart,2005,Freddie Stable,9.62,Drama
Grave Secrets (Silent Screams),1997,Lilias Giddings,1.28,Horror
Bogus,1994,Grange Saurat,1.82,Children|Drama|Fantasy
Sleepy Hollow,1991,Kelwin Jerram,4.29,Fantasy|Horror|Mystery|Romance
Surveillance,1991,Kelcie Persse,5.12,Crime|Mystery|Thriller
Journey to the Center of the Earth,2008,Milty Albers,9.6,Action|Children|Fantasy|Sci-Fi
Cousin Bette,2003,Sacha Quinane,7.66,Comedy
Sex & the Other Man,2013,Arlena Torricina,7.03,Comedy|Drama
Intended. The,2009,Normie Stuttard,2.93,Drama|Thriller
For Heaven's Sake,1992,Pammi Milliken,3.27,Action|Comedy|Romance
Six Ways to Sunday,2004,Parnell Kirmond,5.27,Comedy
Eyes of Tammy Faye. The,1988,Kelbee Nichols,7.96,Documentary
Unearthly. The,1997,Kacy Tattershall,2.78,Horror|Sci-Fi
Where the Boys Are,1996,Katinka Duffet,8.68,Comedy
Caveman's Valentine. The,2000,Ellene Marron,4.4,Drama
Misconception,1992,Burt Messenbird,2.93,Documentary
Transmorphers,2005,Asher Roper,5.8,Action|Adventure|Sci-Fi
I Walked with a Zombie,1987,Margaret Tremeer,7.63,Drama|Horror
Tracker. The,2003,Cori Danzey,4.64,Drama
Steal This Movie!,1995,Krysta Bernardy,4.32,Drama
Dorian Gray,2008,Lotti Ralling,1.92,Drama|Horror|Sci-Fi
Without Limits,2000,Tana Willshere,5.38,Drama
Specialist. The,1995,Corie Branford,0.68,Action|Drama|Thriller
Hidden Fortress. The (Kakushi-toride no san-akunin),2010,Vin Stoite,4.82,Action|Adventure
Lord of the Rings: The Fellowship of the Ring. The,1976,Davidde Rillstone,9.4,Adventure|Fantasy
Get Crazy,2011,Emily Kitchaside,9.62,Comedy
Time Traveler's Wife. The,1994,Maggy Cristobal,1.64,Drama|Romance|Sci-Fi
Extremities,2005,Audy Wodham,0.13,Drama|Thriller
Man with No Shadow. The (Homme sans ombre. L'),2005,Clemmie Roundtree,6.62,Animation|Drama
Total Eclipse,1993,Joelle Konke,8.75,Drama|Romance
Night Nurse,1990,Rosanna Bachshell,9.33,Crime|Drama|Mystery|Thriller
WarGames: The Dead Code,2009,Izzy Normanton,6.72,Drama|Sci-Fi|Thriller
Mother Küsters Goes to Heaven (Mutter Küsters' Fahrt zum Himmel),2010,Andras See,2.05,Drama
Rulers of the City,2012,Dwayne Morena,5.04,Action|Comedy|Crime
Speed Of Thought. The,1996,Sallyanne Halloran,1.9,Sci-Fi|Thriller
Strawberry Statement. The,2000,Cathe Samter,8.54,Drama|Romance
I Shot Andy Warhol,2011,Louie Jefferd,6.24,Drama
Cannibal Women in the Avocado Jungle of Death,2006,Brear Smoote,7.63,Action|Comedy
All American Chump,1993,Alyda Rohan,7.32,Comedy
Tears of the Sun,1997,Janna Lowdeane,1.74,Action|Drama|Thriller
Storm in Summer. A,2010,Dennis Owttrim,6.26,Drama
Rudderless,1983,Cathrin Bumfrey,2.7,Comedy|Drama
Angels Sing,2006,Clare Duffan,1.52,Comedy|Drama
Zidane: A 21st Century Portrait (Zidane. un portrait du 21e siècle),2008,Darn Kibbe,5.8,Documentary
The Circle,1996,Ardath Enderwick,3.6,Documentary|Drama
Who Killed Vincent Chin?,1989,Zane Poone,9.36,Crime|Documentary
China Syndrome. The,1997,Amil Perrat,7.03,Drama|Thriller
Dark Alibi,1985,Carry Denes,6.69,Crime|Drama|Mystery|Thriller
Just Ask My Children,2003,Lazare Felgat,9.47,Drama
Guardian. The,1991,Paulita Corre,0.45,Action|Adventure|Drama
The Testimony,1981,Hector Lewsley,6.12,(no genres listed)
My Family,2004,Cosmo Ryley,4.31,Drama
Rambo III,1993,Yasmin Simla,6.08,Action|Adventure|Thriller|War
Bay of Angels (La baie des anges),2002,Elberta Fernant,6.07,Drama|Romance
Short Film About John Bolton. A,2005,Kimmi Mecco,2.72,Fantasy|Horror|Mystery
Beyond Bedlam,2010,Jonas Harrison,0.74,Drama|Horror
Recess: School's Out,2012,Elsa Hayball,5.65,Animation|Children
Bang Boom Bang - Ein todsicheres Ding,2012,Sloane Glanton,1.68,Action|Comedy
Village People Radio Show (Apa khabar orang kampung),2004,Constantino Binnall,8.23,Documentary
Questo piccolo grande amore,1997,Tiff Yarmouth,1.95,Comedy|Romance
Hedd Wyn,2005,Rhiamon Challen,5.19,Drama|Romance|War
The Arrival of Wang,2004,Mile Bigly,9.61,Mystery|Sci-Fi|Thriller
Peanuts - Die Bank zahlt alles,2003,Ianthe Fardy,9.21,Comedy
Stag,2005,Odilia Farnham,6.93,Action|Thriller
Boys and Girls,1999,Norry Cayton,2.18,Comedy|Romance
Little Ashes,1968,Parnell Auden,8.64,Drama
Pride of the Marines,2002,Carlynne Crame,9.8,Drama|War
It's a Free World...,1999,Hube Penhearow,9.74,Drama
Jönssonligan dyker upp igen,1999,Mitchel Fobidge,1.36,Comedy
Eternally Yours,2004,Rowen Garz,8.2,Comedy|Drama
Shark Attack,2000,Christoper Trahmel,5.91,Action|Horror
Gideon's Army,1996,Waylin Featherstonhaugh,7.95,Documentary
Christmas Vacation (National Lampoon's Christmas Vacation),2012,Bernie Ivatt,9.55,Comedy
Final Cut. The,1995,Skyler Martynka,6.35,Sci-Fi|Thriller
Twist,2003,Shirlee Georgot,7.71,Drama
These Are the Damned (a.k.a. The Damned),2011,Egan Alforde,3.18,Drama|Fantasy|Romance|Sci-Fi
Fermat's Room (La habitación de Fermat),2000,Wrennie Clotworthy,6.78,Mystery|Thriller
Drowning by Numbers,2012,Sorcha Sloey,1.31,Comedy|Drama
Rainmaker. The,2009,Mela Downing,8.08,Comedy|Romance|Thriller|Western
Not as a Stranger,2007,Norry Pencost,9.34,Drama
Beauty Shop,2011,Henrietta McPherson,8.04,Comedy
Hangar 18,1988,Cassy Hoppner,9.01,Action|Sci-Fi|Thriller
American Raspberry (Prime Time) (Funny America),1994,Gayler Halfhead,7.34,Comedy
Stuff. The,2003,Anabal Aitken,6.43,Comedy|Horror|Mystery|Sci-Fi
Killer Force,2006,Noni Abrahamsohn,4.28,Action|Thriller
Yellow,2011,Ethelyn Cholonin,5.93,Comedy|Drama
King and I. The,1997,Audry Gilhoolie,5.05,Animation|Children
Women in Trouble,2001,Kingston Rigler,9.91,Comedy
No Place to Hide,1993,Caprice Slinger,5.07,Thriller
Homeboy,1997,Lenore Haydock,1.81,Drama|Romance
Blind Chance (Przypadek),2002,Arlyn Crawcour,7.65,Drama
The Guardians,1996,Cassius Vasilchenko,6.66,Action|Thriller
Contracted,2002,Lillis Isted,0.91,Drama|Horror|Thriller
Andy Hardy's Blonde Trouble,1992,Wynnie Baldinotti,7.62,Comedy|Romance
Murder of Fred Hampton. The,1987,Noelani Simonin,5.63,Crime|Documentary
People I Know,2003,Denise Beavan,6.92,Crime|Drama
Lullaby,2010,Griswold Inderwick,8.6,Drama
Trust,2006,Ethyl Lansley,4.97,Comedy|Drama|Romance
Bad 25,2000,Peterus Kimbrey,4.07,Documentary
Ghost Ship,1992,Cass Knill,9.7,Horror
Beats Rhymes & Life: The Travels of a Tribe Called Quest,2006,Madison Crannach,8.15,Documentary
Regarding Henry,1997,Berkie Humes,8.18,Drama
Golden Boy,1986,Gayla Junes,1.54,Drama
Below Sea Level,2000,Luce Janway,1.34,Documentary
French Kiss,2010,Remy Ollive,5.18,Action|Comedy|Romance
And Now... Ladies and Gentlemen...,1993,Chloette Reavell,6.21,Romance|Thriller
Time Machine. The,1994,Regine Frichley,8.75,Action|Adventure|Sci-Fi
Defying Gravity,1992,Humbert Kauble,3.36,Drama
Pitfall (Otoshiana),1984,Salvador Himpson,5.92,Crime|Drama|Fantasy
Greatest. The,1995,Ninnetta Grodden,6.6,Drama|Romance
Man Who Wasn't There. The,2011,Nickolas Bardey,8.84,Crime|Drama
Moon Zero Two,1997,Natassia Meech,9.96,Sci-Fi
Closed Curtain,2010,Wesley Dorling,4.59,(no genres listed)
Hopscotch,2002,Bealle Skinn,8.08,Comedy
Pirates of the Caribbean: On Stranger Tides,1991,Rianon Cornhill,2.14,Action|Adventure|Fantasy|IMAX
Uprise,2010,Nobe Winborn,7.69,Drama
Year Zero: The Silent Death of Cambodia,1994,Hayes Abelovitz,6.96,Documentary
Myth of Fingerprints. The,2006,Rickert Nerne,5.54,Comedy|Drama
Napoleon Dynamite,2008,Lanie Kippax,4.07,Comedy
Beverly Hills Cop,2006,Otha McElrea,4.59,Action|Comedy|Crime|Drama
Double Trouble,1962,Correy Haliday,3.19,Action|Comedy|Crime|Romance
Demonic,2002,Lonnie Van der Krui,0.93,Horror|Thriller
Crusades. The,2011,Norris Earwaker,8.31,Adventure|Drama|War
Lucky One. The,1997,Carolee Chadbourne,2.83,Drama
Zombie Honeymoon,1984,Gertrud Kleinsinger,8.96,Drama|Horror|Romance
Swing Time,2004,Boothe Nadin,1.02,Comedy|Musical|Romance
Merry War. A,2011,Sadella MacNamee,7.21,Comedy
Awfully Big Adventure. An,1990,Aloysia Ide,9.92,Drama
Monster Walks. The,1996,Michael Pickance,0.3,Horror
Divorcee. The,1998,Josi Howsin,9.18,Drama|Romance
Breakin',2009,Nehemiah Lindback,6.39,Drama|Musical
Civil War. The,2008,Hilda Greader,3.8,Documentary|War
Talk Radio,1986,Jeanne Eason,8.38,Drama
Cherry Orchard. The (Sakura no sono),1992,Audrie Legister,2.68,Drama
Clapham Junction,1996,Reta Mattocks,6.66,Drama
Bright Lights,1998,Grace Geare,0.08,Comedy
Joanna,2005,Pascale Olenov,2.23,Documentary
This Gun for Hire,2008,Lazar Mansford,8.32,Crime|Film-Noir|Thriller
Everything About Mustafa (Mustafa hakkinda hersey),2008,Kalvin Primmer,8.81,Drama|Thriller
Under the North Star (Täällä Pohjantähden alla),1992,Raynor Dollard,9.31,Drama|Romance|War
Bells of Innocence,2008,Gerard Kocher,4.45,Horror
Mondo,1995,Caresse Frangione,1.4,Drama
Exit Humanity,2004,Dyann Sweetenham,1.02,Drama|Horror
Naughty Marietta,1996,Sammie Jury,0.48,Drama|Musical
Arrapaho,1983,Isiahi Deluca,8.73,Comedy|Western
Taxidermia,1992,Lyndell Kolakovic,4.42,Comedy|Drama|Horror
Serrallonga,2002,Stu Pideon,7.58,Adventure|Drama
Lost and Delirious,2002,Sterne Sailes,6.58,Drama
In a Town This Size,1996,Erhard Wonfor,0.3,Documentary
Mike Birbiglia: What I Should Have Said Was Nothing,1992,Marcos Murison,8.32,Comedy
Calloused Hands,2006,Winnie Aspey,4.79,Drama
Two Weeks in Another Town,1990,Eydie Aykroyd,8.24,Drama
Autobiography of Miss Jane Pittman. The,1994,Ronnie Latchford,4.02,Drama
Thoroughly Modern Millie,1998,Waring Gladbach,7.72,Comedy|Musical
Ingrid,1994,Tony Lerway,0.9,Drama
D2: The Mighty Ducks,1986,Kerrin Pedder,4.36,Children|Comedy
They Came to Cordura,2003,Gill Mintoft,0.88,Western
All Through the Night,2008,Yoshiko Buckell,9.73,Action|Comedy|Drama|Thriller|War
Villain. The,1987,Roosevelt Martt,6.39,Comedy|Western
Marnie,1986,Rosamond Filipputti,5.42,Drama|Mystery|Romance|Thriller
Tyler Perry's Madea's Big Happy Family,2005,Ado Potten,9.23,Comedy|Drama
Christmas Story. A,2012,Maje MacColgan,7.92,Children|Comedy
Elephant in the Living Room. The,2005,Glen Kyngdon,7.7,Documentary
Dark Knight. The,2003,Jessi Mulvihill,7.18,Action|Crime|Drama|IMAX
Star for Two. A,1997,Yard Cameli,9.29,Drama|Romance
Obsessed,1985,Ginevra Fedorchenko,1.69,Crime|Drama|Thriller
Breaking Point. The,1977,Kania Aloshechkin,4.88,Crime|Drama|Film-Noir
At Sword's Point,2012,Averil Taffs,3.55,Adventure
Wake Island,2006,Jacky Boorer,6.56,Drama|War
Wedding Night. The,1995,Hersch Pietraszek,8.78,Drama|Romance
Damned the Day I Met You,1992,Georas Woodman,9.26,Comedy
Gretchen the Greenhorn,1997,Tate Risdale,5.61,Crime|Drama|Romance
One in the Chamber,2005,Niven Gepson,1.02,Action|Crime|Thriller
Camille Claudel,1996,Noland Zecchinelli,9.44,Drama
Diary of the Dead,1992,Grannie Crasswell,6.57,Horror|Sci-Fi
Oz the Great and Powerful,2005,Ethelda Harfleet,3.66,Action|Adventure|Fantasy|IMAX
Constantine,1994,Sapphira Skrzynski,0.08,Action|Fantasy|Horror|Thriller
Castle of Blood,2005,Vittorio Tinghill,0.35,Horror
Three (a.k.a. 3),2001,Katya Devote,0.83,Comedy|Drama|Romance
Avenging Angelo,1999,Truda Cottie,0.32,Action|Comedy|Crime
Next Friday,2003,Jolene Pelman,9.89,Comedy
Goya in Bordeaux (Goya en Burdeos),1996,Merrili Sutliff,5.72,Drama
Scatter My Ashes at Bergdorf's,2004,Juline Caldaro,2.52,Documentary
McHale's Navy,1996,Beulah Middleditch,9.09,Comedy|War
Macabre,2002,Stephana Petrasso,0.59,Horror|Thriller
High School Musical,2013,Cornelle Swinn,9.05,Children|Comedy|Drama|Musical|Romance
Heads,1969,Clem Dowsing,8.51,Comedy|Crime
Tokyo Trial (Tokyo saiban),1989,Luke Danielian,3.54,Documentary
Not Forgotten,2010,Cheston Pigford,3.29,Thriller
In This World,1994,Ogdon Chinnock,4.22,Adventure|Drama
Golden Christmas. A,1987,Vanessa Miettinen,0.13,Children|Comedy|Romance
Corto Maltese in Siberia (Corto Maltese - La cour secrète des Arcanes),1963,Sheffy Luckhurst,9.45,Adventure|Animation|Drama|Romance|War
Force Majeure (Turist),2012,Phelia Pietzner,0.36,Drama
Four Sahibjade,2008,Fanechka Semark,4.16,Animation
Forest for the Trees. The (Der Wald vor lauter Bäumen),2003,Paulo Cannan,3.42,Drama
Rocco and His Brothers (Rocco e i suoi fratelli),1968,Ginny Dowsett,5.16,Crime|Drama
Homeboy,2004,Edythe Parlot,8.93,Drama|Romance
Nim's Island,2012,Etty Barles,8.6,Adventure|Comedy|Fantasy
Losers' Club (Kaybedenler kulübü),1997,Kyle Reavey,7.12,Comedy|Drama
Wing Chun,1993,Birgit Ruben,1.26,Action|Comedy|Drama|Romance
Beastly,2005,Samuele Michelin,5.41,Drama|Fantasy|Romance
There Was a Father (Chichi ariki),1990,Gunilla Hirth,4.61,Drama
Scarecrows,1986,Jermayne Gordge,9.58,Horror
Christmas Carol. A,2006,Fredelia McBeath,2.61,Drama|Fantasy
Pandemonium,1986,Berkie Darbishire,1.59,Comedy|Horror|Mystery
Boogeyman. The,1992,Delly Burchfield,1.8,Horror
Biggie and Tupac,1992,Kurt Bernetti,8.48,Documentary
Brussels Business. The,2011,Matti Bodocs,1.64,Documentary|Thriller
Slaves to the Underground,2012,Imojean Pavelka,7.83,Comedy|Drama
Blink,2008,Des Piatek,8.71,Thriller
Can't Stop the Music,1990,Belita Lummis,1.24,Comedy|Musical
Captain Conan (Capitaine Conan),2007,Kai Gonzales,3.65,Drama|War
Game of Chance (Onnenpeli),2007,Jobye Deem,4.04,Comedy|Drama
Surrender. Dorothy,1993,Marleah Grimley,0.43,Drama
Another Woman,2009,Berri Ballister,6.63,Drama
Pushover,2009,Darcee Hayball,2.11,Crime|Drama|Film-Noir
Cemetery Junction,1991,Sullivan Baldcock,9.7,Comedy|Drama|Romance
Pekko ja unissakävelijä,1991,Shelley Murrhardt,9.69,Comedy
Queen of Versailles. The,1996,Ayn Filipputti,7.24,Documentary
Eden of the East the Movie I: The King of Eden (Higashi no Eden Gekijoban),2006,Maure Carp,7.53,Action|Animation|Crime|Sci-Fi|Thriller
Hollidaysburg,1992,Wayland Karpmann,7.01,Comedy
Being John Malkovich,2012,Phip Galley,3.51,Comedy|Drama|Fantasy
Frankenhooker,2008,Cristal Markwelley,3.23,Comedy|Horror
War on Democracy. The,1989,Erin Witheridge,1.68,Documentary
One Life,2007,Esmeralda Paradise,5.63,Documentary
All the Real Girls,2007,Trace Brabant,6.85,Drama|Romance
Adios Carmen,2012,Thomas Dymock,0.85,Drama
Filly Brown,2007,Gladi Fareweather,1.95,Drama
Cellar. The (Huset vid vägens ände),1993,Ollie Bodham,2.76,Horror|Thriller
Sallah,1998,Che Cheevers,8.35,Comedy
Reader. The,2012,Hermine Sooley,8.27,Drama|Romance
Collector. The,2012,Ky Bunner,0.6,Crime|Horror|Thriller
Allnighter. The,2011,Tasha Charlton,3.23,Comedy|Romance
Busses Roar (Buses Roar),2011,Fayre MacRinn,0.26,Drama|Romance|War
Road Hard,2004,Fabian Bielefeld,3.19,Comedy
Killers. The,2005,Tome Mecco,4.58,Action|Crime|Drama|Film-Noir|Thriller
Beau Geste,2011,Hildegaard Gerrey,4.8,Action|Adventure|Drama|War
Wild. The,2002,Maybelle Noyce,0.36,Adventure|Animation|Children|Comedy|Fantasy
Zatoichi's Cane Sword (Zatôichi tekka tabi) (Zatôichi 15),1995,Tabbi Lorne,4.69,Action|Adventure|Drama
Neds,2011,Dulce Enrigo,0.15,Drama
Stanley & Iris,2010,Aile Ragsdale,8.65,Drama|Romance
Kick-Ass,2000,Marina Girke,9.84,Action|Comedy
Le convoyeur,1995,Bernie Hallows,3.17,Crime|Drama|Thriller
Mambo Italiano,1998,Sylvan Slark,0.57,Comedy
Ghost in the Machine (a.k.a. Deadly Terror),2001,Tracy Pymm,2.59,Horror|Sci-Fi|Thriller
Twelve Chairs. The,1999,Consuela Buffey,5.91,Comedy
Year My Voice Broke. The,2012,Hansiain Cresswell,5.24,Drama
Sex Drive,2002,Frank Brewitt,3.36,Comedy
Beauty in Trouble (Kráska v nesnázích),1993,Johnathan Croker,3.01,Drama
Teeth,1994,Lon Straker,3.05,Comedy|Horror
See What I'm Saying: The Deaf Entertainers Documentary,2006,Merci Dyzart,8.38,Documentary
Yellowbeard,1991,Hy Srutton,8.74,Action|Adventure|Comedy
There Be Dragons,1999,Kaylil Medlar,4.56,Drama|War
I Still Know What You Did Last Summer,2013,Savina Heater,6.44,Horror|Mystery|Thriller
Danube Exodus. The,2008,Christa Smyley,3.23,Documentary
Small Town Girl,2011,Jerald Bouskill,1.41,Musical|Romance
Manborg,1994,Celie Lightwing,6.54,Action|Adventure|Comedy
Dinner Rush,1990,Arda Mathouse,3.0,Drama
Nickelodeon,2002,Camila Baffin,8.85,Comedy
Permanent Vacation,2009,Edd Beatty,2.16,Drama
Nazis at the Center of the Earth,1996,Tessie Mountford,8.0,Action|Adventure|Horror|Thriller
Stefano Quantestorie,2012,Halli Hurran,2.37,Comedy|Drama
Scenic Route. The,2010,Maritsa Astbury,5.82,Drama
Business of Fancydancing. The,2001,Hilly Kinrade,2.2,Drama
