X-Men Origins: Wolverine,1995,Deana Lecointe,5.32,Action|Sci-Fi|Thriller
Bruno (The Dress Code),2006,Eugenius Lever,4.05,Comedy|Drama
Doctor Detroit,2011,Pall Tweedie,0.2,Comedy
Evergreen,2001,Enriqueta Haggus,5.76,Drama
Welcome to Mooseport,1990,Wren Purshouse,7.83,Comedy
Jesse Stone: Thin Ice,2006,Rainer Weedon,7.13,Crime|Drama|Mystery
I Bury the Living,2004,Fran Courtese,5.69,Horror
"Adventures of Kitty O""Day (Kitty O""Day Comes Through)",1997,Dedie Lissemore,8.94,Comedy|Crime|Mystery|Romance
"The Baker""s Wife",2007,Mariejeanne Wrotchford,6.32,Comedy|Drama
Aliens of the Deep,1992,Jaymie Barford,8.39,Documentary|IMAX
"Princess Ka""iulani",2004,Janet Binley,1.89,Drama|Romance
OMG Oh My God!,1993,Paolo Josef,8.84,Comedy|Drama
God of Cookery (Sik san),1987,Franciskus Dilland,9.12,Comedy
High School High,1996,Yvonne Stansell,2.33,Comedy
Nine,1997,Kiley Pavlata,3.2,Drama|Musical|Romance
Police Story (Ging chaat goo si),2002,Nickolas Laverenz,7.69,Action|Comedy|Crime|Thriller
Holes in My Shoes,1998,Reed Gannaway,5.25,Documentary
"Walk. Don""t Run",1999,Carrol Squirrell,5.79,Comedy|Romance
Son of Batman,2010,Giralda Galbraeth,2.62,Action|Adventure|Animation|Crime|Fantasy
6 Bullets,2007,Jayson Bello,7.31,Action|Crime|Thriller
Evolver,2002,Fae Drinkale,0.67,Action|Horror|Sci-Fi
Good Humor Man. The,2006,Judon Hubbins,3.85,Drama|Romance
"Don""t Bother to Knock",1998,Cliff Weed,1.63,Drama|Thriller
She Creature (Mermaid Chronicles Part 1: She Creature),2011,Blithe Tingley,2.65,Fantasy|Horror|Thriller
Swiss Family Robinson,1995,Cy Sonier,5.56,Adventure|Children
Prize. The,2000,Felicdad Badgers,8.09,Drama|Mystery|Thriller
Suzy,2008,Karlene Vankin,8.14,Drama
Into the West,2012,Udall Ragg,5.04,Adventure|Children
Little Girl (La pivellina),1996,Tully Ambrosini,2.29,Drama
Conquest,1987,Locke Leuren,2.7,Drama|Romance
Long Way Down. A,2006,Terry Jeffes,1.65,Comedy|Drama
Mars Attacks!,2005,Bessie Longden,3.53,Action|Comedy|Sci-Fi
Cencoroll,2005,Beryl Weich,4.64,Action|Animation|Sci-Fi
Bugs Bunny / Road Runner Movie. The (a.k.a. The Great American Chase),1954,Sabra Bartocci,5.64,Animation|Children|Comedy
Soul Men,1998,Morena Grund,6.59,Comedy|Musical
Swing Time,2001,Brittani Pittel,2.27,Comedy|Musical|Romance
Eight Legged Freaks,2003,Corissa Hafford,0.52,Action|Comedy|Horror|Sci-Fi
Un vampiro para dos,2003,Eli Gocher,8.86,Comedy|Horror
The Case of the Curious Bride,2006,Berti Skepper,5.97,Comedy|Crime|Drama|Mystery
"Mifune""s Last Song (Mifunes sidste sang)",2009,Leroy Clackson,3.58,Comedy|Drama|Romance
Superweib. Das,2008,Lulita de Wilde,9.61,Comedy
Rapid Fire,2004,Bobby Hounsham,0.94,Action|Crime|Thriller
Spice World,2006,Jaimie Dumbarton,7.12,Comedy
Last of the Unjust. The (Dernier des injustes. Le),2002,Vania Gerault,8.22,Documentary
Attack. The,2002,Hedwig Dur,2.49,Drama
3rd Voice. The,2004,Kennett Halkyard,7.56,Crime|Drama|Thriller
No Time for Love,2010,Malorie Swindin,9.22,Comedy|Romance
Christine Jorgensen Story. The,2005,Orbadiah Haslin,7.93,Drama
Corpo Celeste,1997,Orren Frenzl,3.68,Drama
Arctic Tale,1998,Luciano Becaris,7.29,Documentary
Vampire in Brooklyn,2002,Clarissa Santon,0.69,Comedy|Horror|Romance
"Devil""s Carnival. The",1997,Melitta Tweedy,7.93,Horror|Musical
Coming Home (Gui lai),1996,Violet Loft,0.01,Drama
Decision Before Dawn,1970,Temple Freyn,2.83,Drama|War
Together (Han ni Zai Yiki),2000,Joe Baglow,1.33,Drama
Sudden Fear,1998,Benjie Strettle,4.19,Film-Noir|Horror|Thriller
To Be King (Koning van Katoren),1995,Cristine Kopec,2.49,Adventure
Paisan (Paisà),2009,Lidia Crossthwaite,1.68,Drama|War
After the Sunset,1989,Oby Gullyes,4.76,Action|Adventure|Comedy|Crime|Thriller
Twist,2001,Geno Storek,8.2,Drama
Brave. The,2009,"Fiorenze O""Sheilds",8.55,Drama
Bad Luck Love,1995,Aubrey Tomaszczyk,0.95,Crime|Drama
Rains Came. The,2003,Enrichetta Stilldale,6.56,Adventure|Drama|Romance
Pekka ja Pätkä neekereinä,2000,Blanche Harpin,5.57,Comedy
Sensation of Sight. The,2001,Carlynn Elcott,2.53,Drama
Broadway Melody of 1936,1997,Henryetta Ewin,9.83,Musical|Romance
Magadheera,2008,Angeli Carnegie,7.67,Action|Adventure|Fantasy|Romance
Even Cowgirls Get the Blues,2010,Gene Arent,0.64,Comedy|Romance
Testament,2003,Jeremie Shinner,5.04,Drama
Taming the Fire (Ukroshcheniye ognya),1994,Quinn Dyke,5.47,Documentary|Drama|Sci-Fi
Crows Zero (Kurôzu zero),2011,Stavro Frazier,0.98,Action
Shot in the Heart,1985,Edwin Treher,9.59,Crime|Drama
Birdemic: Shock and Terror,2008,Samuele Kenrick,6.69,Romance|Thriller
So Proudly We Hail!,2001,Cristina Yakobowitch,0.84,Drama|Romance|War
Hansel & Gretel,2011,Mariele Rigardeau,9.07,Drama|Fantasy|Horror|Mystery|Thriller
Barbary Coast Gent (Gold Town) (Honest Thief. The),1994,Tersina Mighele,9.89,Comedy|Western
Barefoot Contessa. The,2008,Ki Dominique,3.74,Drama
Kai Po Che!,1996,Jo-ann Rivard,5.05,Drama
Storefront Hitchcock,2009,Tobias Abberley,2.17,Documentary|Musical
About Elly (Darbareye Elly),1997,Frankie Molineux,0.05,Drama|Mystery
Debut. The,1987,Gard Gadie,3.44,Comedy|Drama
French Roast,2012,Edyth Meier,4.12,Animation|Comedy
Beetlejuice,1996,Sorcha Blondel,5.73,Comedy|Fantasy
"Des gens qui s""embrassent",2006,Jens Le Prevost,9.19,Comedy|Romance
In Darkness,1999,Dianemarie Goodfellow,6.96,Drama
Salvador,1985,Whitney Nertney,9.25,Drama|Thriller|War
One and Only. Genuine. Original Family Band. The,2011,Delphinia MacKeever,5.68,Children|Comedy|Musical
Small Cuts (Petites coupures),2002,Nolan Jenno,0.19,Drama|Romance
Feuerzangenbowle. Die,2007,Salaidh Lampens,9.25,Comedy
Ellen DeGeneres: The Beginning,1988,Lauree Kitchaside,7.63,Comedy
Hangover. The,1992,Scarface Loverock,4.34,Comedy|Crime
Open Season 3,1994,Scot Capron,7.08,Animation|Children|Comedy
Tomorrow Night,2006,Ebonee Terran,3.11,Comedy|Drama
"Won""t Back Down",2013,Sutherlan Saxelby,6.0,Drama
My Last Five Girlfriends,1997,Paxton Greiser,2.11,Comedy
Somewhere in the City,2012,Therese Ghiotto,9.86,Comedy|Drama
Wind That Shakes the Barley. The,2007,Kissie Grumble,4.12,Drama|War
"You""ve Been Trumped",2008,Chuck Aston,0.98,Documentary
Hiroshima Mon Amour,2003,Pepita Dohms,3.55,Drama|Romance|War
Focus,1994,Cully Allsep,9.34,Drama
To Kill with Intrigue (Jian hua yan yu Jiang Nan),2003,Bridgette Renoden,0.18,Action|Drama
Tokyo.Sora,2011,Gustave Samber,1.8,Drama
Captain America,1991,Benedict Veevers,3.67,Action|Fantasy|Sci-Fi|Thriller|War
Two Little Boys,2005,Zita Bartel,4.85,Comedy
Deep Water,1985,Syman Underwood,3.55,Documentary
Grass Harp. The,1998,Rubi Gerrelts,6.34,Comedy|Drama
White God (Fehér isten),2012,Marin Guitonneau,6.3,Drama
About Elly (Darbareye Elly),1992,Mattie Kirman,2.65,Drama|Mystery
Phase 7,1992,Karisa Baus,4.03,Comedy|Sci-Fi|Thriller
Little White Lies (Les petits mouchoirs),2007,Junia Allcoat,0.92,Comedy|Drama
Mi Amigo Hugo,2012,Salim Billham,1.06,Documentary
Ca$h,2001,Holden Chidzoy,1.65,Crime|Thriller
Strada. La,1984,Angelika Bovis,6.72,Drama
Off Beat,2011,Merl Sainter,3.22,Comedy|Romance
Adventures of Priscilla. Queen of the Desert. The,1992,Hakim Itchingham,2.13,Comedy|Drama
Way. The,1995,Tybie MacPhail,0.29,Drama
Grudge 2. The,2004,Quentin Breazeall,8.48,Drama|Horror|Mystery|Thriller
My Crazy Life (Mi vida loca),2006,Jory Slocombe,8.41,Drama
Crazy Kind of Love,2004,Germain Rhubottom,0.44,Comedy|Drama|Romance
House Party,1992,Con Wolver,8.45,Comedy
Safety Not Guaranteed,2010,Garreth Sandlin,4.26,Comedy|Drama
Dream Home (Wai dor lei ah yut ho),2002,"Catriona D""Cruze",5.81,Horror
Queens Logic,2000,Susanetta Gencke,6.81,Comedy|Drama
"My Father""s Glory (La gloire de mon père)",2006,Anne Besset,3.92,Adventure|Drama
So Much Water,2003,Janaya Gever,1.76,Comedy|Drama
Fateless (Sorstalanság),2008,Coletta Frisch,0.13,Drama|War
Loose Change: Second Edition,1990,Karlotta McNabb,3.37,Documentary|Mystery
Spider-Man 2,1993,Randal Scotchmur,5.27,Action|Adventure|Sci-Fi|IMAX
Powers of Ten,1994,Haze Hurlston,8.45,Documentary
Hard to Be a God,2011,Aggie Winham,8.71,Sci-Fi
Be Kind Rewind,2003,Baron Dossett,0.91,Comedy
Escape from Fort Bravo,1991,Ted Granville,8.63,Western
Act of Valor,1993,Wald Braksper,1.47,Action|Thriller|War
Missing William,2010,Cammie Monks,5.16,Drama
GhostWatcher,2003,Sosanna Edinboro,3.13,Horror|Mystery|Sci-Fi
Dreamboat,2011,Babette Bassham,5.37,Comedy
Italian. The (Italianetz),2010,Gwynne Keave,4.08,Drama
Q & A,2001,Jenilee Crouse,0.23,Crime|Drama
Maya Lin: A Strong Clear Vision,2006,Gherardo Mears,8.92,Documentary
Alias the Doctor,2008,Garrik Stanistrete,9.13,Drama
Ruggles of Red Gap,1965,Shir Corry,2.8,Comedy|Romance
Snowpiercer,2003,Vernice Feary,4.04,Action|Drama|Sci-Fi
Lifted,2001,Alvira Lamberton,1.83,Animation|Comedy|Sci-Fi
Encore,1994,Helen-elizabeth Gilhool,3.15,Comedy|Drama
At Middleton,1994,Meredith Blofield,6.75,Comedy|Romance
American Raspberry (Prime Time) (Funny America),1979,Terrel St. Aubyn,1.41,Comedy
Operator 13,2001,Millard Morford,2.23,Drama|Romance|War
Armageddon,2012,Maridel Edelheit,7.15,Action|Romance|Sci-Fi|Thriller
The Girl from the Marsh Croft,2006,Chantalle Hargie,2.0,(no genres listed)
20th Century Boys - Chapter 1: Beginning of the End,2000,Gabrila Anthonsen,4.12,Adventure|Mystery|Sci-Fi
American Me,2008,Hyacinthia Ham,5.77,Drama
Dead Fish,2010,Wilfrid Neeson,0.07,Action|Comedy|Drama|Thriller
SIS,2009,Giordano Bax,8.97,Action|Crime|Drama|Thriller
Typhoon (Tae-poong),1988,Amerigo Guly,2.85,Action|Drama|Thriller
Groove,1992,Carmencita Fanning,0.06,Drama
Phantom Carriage. The (Körkarlen),2009,Lonna Childs,4.99,Drama
St. Francisville Experiment. The,1996,Roma Bim,5.23,Horror|Thriller
Uuno in Spain,1998,Leona Cauderlie,0.64,Comedy
Won Ton Ton: The Dog Who Saved Hollywood,2011,Smitty Shearn,9.95,Comedy
Bed & Breakfast: Love is a Happy Accident (Bed & Breakfast),2013,Peria Gerner,1.59,Comedy|Romance
Under the Same Moon (Misma luna. La),2009,Gard Sket,9.91,Drama
Guardian. The,2011,Deedee Troake,7.3,Action|Adventure|Drama
Last Life in the Universe (Ruang rak noi nid mahasan),2006,Carla Frostdyke,8.08,Drama|Romance
Departed. The,1996,Kassey Ygou,9.46,Crime|Drama|Thriller
21 Grams,1995,Rudiger Siegertsz,0.97,Crime|Drama|Mystery|Romance|Thriller
Lovecraft: Fear of the Unknown,1985,Raul Geekin,1.79,Documentary
New Guy. The,1998,Abbey Corke,7.51,Comedy
Sierra. La,1993,Fabe Batchelour,9.29,Documentary
Exhibition,1999,Rudy Szymon,6.25,Drama
Dance Me Outside,2007,Butch McGlone,8.47,Comedy|Drama
Bachelorette,2003,Berrie Briars,2.26,Comedy
Keys of the Kingdom. The,1998,Michal Thewys,3.09,Drama
Persona,2003,Lacy McArdle,2.28,Drama
Chronicle,2009,Clair Rump,1.87,Action|Sci-Fi|Thriller
Airport 1975,1993,Hilliard Buxsy,9.76,Action|Drama|Thriller
Golden Compass. The,2000,Adrianne Ossenna,6.04,Adventure|Children|Fantasy
Dragonslayer,2001,Marcela Moreinu,1.83,Action|Adventure|Fantasy
Room Service,2007,Willabella Yablsley,3.48,Comedy
Enthusiasm (Entuziazm: Simfoniya Donbassa),2004,Raviv Wemes,2.77,Documentary
Talk of Angels,1997,Vassily Hards,7.84,Drama
Pier. The (Jetée. La),1998,Myrtice Beedell,0.14,Romance|Sci-Fi
Harvie Krumpet,2004,Paddie Orts,8.5,Animation|Comedy|Drama
The Violent Kind,1972,Augustina Courtois,5.58,Horror
Desperate,2004,Huntington Skim,4.12,Drama|Film-Noir
Little World of Don Camillo. The (Petit monde de Don Camillo. Le),1988,Marcelia Gabler,1.01,Comedy
"Cirque du Freak: The Vampire""s Assistant",1998,Olwen Bassick,1.72,Action|Adventure|Comedy|Fantasy|Horror|Thriller
Free Willy 2: The Adventure Home,2001,Dyan Hallan,6.98,Adventure|Children|Drama
Miehen tie,2005,Isabelle Gilbey,4.63,Drama
Pretty Baby,2008,Bordie Blackly,1.65,Drama
Mushrooming (Seenelkäik),1999,Hartley Pawlett,4.88,Adventure|Comedy|Thriller
My Avatar and Me (Min Avatar og mig),2004,Staffard Knyvett,4.75,Documentary
Undiscovered,1994,Robinett McGebenay,0.97,Comedy|Drama|Romance
Story of a Prostitute (Shunpu den),2001,Erica Cumberland,7.55,Drama|War
Pusher II: With Blood on My Hands,1996,Clyde Dominka,1.94,Action|Crime|Drama|Thriller
Mahakaal (The Monster),1998,Marion Harwin,7.75,Horror
Christmas in Conway,2001,Launce Chrippes,8.31,Drama|Romance
Amor brujo. El (Love Bewitched. A),1999,Dalston Dews,8.27,Drama|Musical
Zigeunerweisen (Tsigoineruwaizen),2007,Ros Twatt,6.65,Horror|Mystery
On the Edge (Hak bak do),2009,Rheta Camier,1.56,Crime|Drama
Lusty Men. The,2003,Horatius Sulley,7.58,Action|Drama|Western
"Emperor""s Naked Army Marches On. The (Yuki Yukite shingun)",1994,Katalin Casiroli,1.13,Documentary
Revolutionary Road,1999,Kipper Bisley,9.11,Drama|Romance
"Don""t Look Back (Ne te retourne pas)",2004,Constancia MacInherney,6.06,Drama|Horror|Mystery|Thriller
"Mackenna""s Gold",1992,Lorrie Helbeck,1.77,Western
I Am Jesus,2011,Scot Wooller,3.55,Documentary
Family Tree,2010,Erhart Botha,7.05,Drama
Takers,2007,Quint Wringe,7.06,Action|Crime|Thriller
Twin Sisters (De tweeling),2006,Felicio Castagnier,8.28,Drama|Romance|War
Freaks,1992,Ellsworth Archbould,2.31,Crime|Drama|Horror
Without Warning (a.k.a. Alien Warning) (a.k.a. It Came Without Warning),2013,Ashlan Manuely,6.52,Horror|Sci-Fi
8 (8. the Play),1992,Ange Heare,8.89,Drama
Arrival of a Train. The,2002,Huey Westall,2.43,Documentary
Mare Nostrum,2008,Marlon Issac,3.82,War
Stella,1998,Clemence Conisbee,2.51,Drama
B. Monkey,1997,Quincy Dodds,8.59,Crime|Romance|Thriller
Details. The,2008,Randi Berndtsson,9.35,Comedy
Yves Saint Laurent,1990,Lodovico Warnes,0.28,Drama|Romance
Bliss (Mutluluk),1995,Nola Semeniuk,0.14,Drama
Man Who Never Was. The,1996,Addy Burden,8.27,Drama|War
Anna and the King of Siam,2005,Puff Malster,0.76,Drama|Romance
Gods Must Be Crazy III. The (a.k.a. Crazy Safari) (Fei zhou he shang),2008,Rochella Perrelli,6.5,Comedy|Fantasy
Rasputin and the Empress,1986,Gregoor Kyd,2.85,Drama
P.U.N.K.S,1994,Cynthea Simoncello,8.31,Children|Comedy|Sci-Fi
Seance (Kôrei),1997,Floyd Perillo,8.84,Drama|Horror|Thriller
Service (Serbis),2004,Wheeler Kernes,5.43,Drama
Snake of June. A (Rokugatsu no hebi),1990,Alicia Osgordby,0.47,Drama|Mystery
Bal (Honey),1999,Spence Seelbach,1.96,Drama
"Mr. Magorium""s Wonder Emporium",2005,Nicky Francke,0.06,Children|Comedy|Fantasy
Investigation of a Citizen Above Suspicion (Indagine su un cittadino al di sopra di ogni sospetto),2005,Karoly Hanbury-Brown,5.0,Crime|Drama|Thriller
Advertising and the End of the World,2004,Henrietta Casserley,4.37,Documentary
Songs From the Second Floor (Sånger från andra våningen),1996,Suzanna Tice,4.33,Drama
Expelled: No Intelligence Allowed,1995,Hasheem Suttle,5.02,Documentary
Whistle Down the Wind,2000,Jayne Esherwood,2.48,Drama
Made in U.S.A.,1992,Freddie Furlow,2.17,Crime|Mystery
Beginning of the End,2000,Francisco Bendin,7.57,Sci-Fi
Rosewood,2000,Ev Sidey,3.76,Action|Drama
Cut and Run (Inferno in diretta),2002,Urbanus Atkinson,7.01,Adventure|Horror|Thriller
Sodom and Gomorrah,1988,Marrilee Hallas,1.4,Adventure|Drama
"She""s Out of Control",2012,Jill Dietsche,8.19,Comedy
Joe + Belle,2003,Fayette Meace,1.8,Comedy|Crime|Drama|Romance
Beaufort,2000,Blinni Ginn,5.4,Action|Drama|War
Truman Show. The,2009,Liam Biddlestone,9.35,Comedy|Drama|Sci-Fi
Black Knight,2010,Raychel Eddington,6.98,Adventure|Comedy|Fantasy
In & Out,1995,Dorelle Lane,0.87,Comedy
Breakdown,1997,Robert Ferreira,2.1,Action|Thriller
Citizen Gangster ,1987,Devi Alleyne,2.78,Crime|Drama
Boy on a Dolphin,1989,Clara Cropper,5.56,Adventure|Romance
Noise,2004,Miquela Pobjay,3.36,Comedy|Drama
Kiss. The,2011,Dallis Seefus,3.23,Horror
Mr. Moto Takes a Chance,2002,Adrea Dabourne,1.46,Crime|Drama|Mystery
10 Items or Less,1989,Saundra Dugget,0.63,Comedy|Drama|Romance
Girl. Interrupted,1989,Sue Sabatier,3.47,Drama
Love You You,2001,Boy McTrustram,9.15,Romance
Hunchback of Notre Dame. The,2010,Cinnamon Shevels,0.99,Drama|Horror
Hot Rod,1993,Roanne Letty,8.34,Comedy
Abbott and Costello Meet the Keystone Kops,1993,Stephana Paolicchi,0.75,Comedy
Screamtime,1995,Yves Paffett,6.4,Fantasy|Horror
Heli,1993,Frederik Stangoe,1.98,Crime|Drama
Mystic Masseur. The,2007,Lucian Masham,2.63,Drama
Suicide Kings,1994,Salaidh Longfoot,3.04,Comedy|Crime|Drama|Mystery|Thriller
Baby-Sitters Club. The,2002,Ida Figgins,2.91,Children
Charlotte Gray,1965,Janaye Foffano,2.65,Drama|Romance
Mars Attacks!,1974,Rachelle Wilber,0.26,Action|Comedy|Sci-Fi
Dead Snow 2: Red vs. Dead ,2005,Elvis Pardie,9.96,Action|Comedy|Horror
Return of the King. The,1988,Susanna Shelly,2.56,Adventure|Animation|Fantasy|Musical
Jour se lève. Le (Daybreak),2011,Joelie De Minico,4.74,Crime|Drama|Romance|Thriller
Brave Little Toaster. The,2006,Rosabelle Ainger,8.15,Animation|Children
Salaam-E-Ishq,1987,Giacinta Artus,4.06,Comedy|Drama|Musical|Romance
This Is the Night,2012,Saidee Lockhurst,4.35,Comedy
Live Nude Girls,2007,Donny Littrick,7.1,Comedy
Afternoon Delight,2004,Lisle Speechly,6.11,Comedy|Drama
Pearl. The (La perla),1990,Paul Pleaden,3.94,Adventure|Drama|Romance
Katy Perry: Part of Me,2013,Sibyl Christophe,6.62,Documentary|Drama
Staying Together,2006,Philip Benam,1.55,Comedy|Drama
Cyberbully,2005,Salomi Rosettini,1.61,Drama
"Tim and Eric""s Billion Dollar Movie",1999,Emmey Marushak,0.06,Comedy
Jimmy Rosenberg: The Father. the Son & the Talent,2008,Korey McMonies,1.28,Documentary
My Dear Desperado,2003,Kale Parmiter,2.32,Comedy
Mona and the Time of Burning Love (Mona ja palavan rakkauden aika)),1999,Valentine Timms,4.41,Drama
Three Wishes,1998,Galvan Colkett,4.34,Drama|Fantasy
Kansas,2001,Bart Georgeau,4.59,Crime|Drama
Bride of Boogedy,1996,Harris Yersin,3.74,Adventure|Children|Drama|Western
12 Days of Terror,2005,Nicko Probbings,8.98,Drama|Horror|Thriller
Escape From Tomorrow,1998,Georgy Dunster,8.0,Drama|Fantasy|Horror
All Good Things,2004,Annabel Brager,5.56,Drama|Mystery|Thriller
Best Little Whorehouse in Texas. The,2011,Winifred Hebson,8.43,Comedy|Drama|Musical|Romance
Slave Ship,2013,Steward Mandrake,7.21,Adventure|Drama
Matchstick Men,2006,Alisa Ioselev,5.33,Comedy|Crime|Drama
My Girl,2002,Robers Buntine,5.64,Comedy|Drama|Romance
From B Movie to Cult Film: Western,2011,Leone Cramb,4.11,Adventure|Documentary
Play Dirty,2000,Lincoln Leggett,3.17,Action|Adventure|Drama|War
Secrets of Jonathan Sperry. The,2010,Kristine Kops,5.43,Drama
Maytime,2007,Fabien Martinon,4.16,Drama|Musical|Romance
Paranormal Activity: The Marked Ones,2011,Bogart Yourell,7.95,Horror|Thriller
Black Pirate. The,1986,Tallou Petyt,2.91,Action|Adventure
Manhattan Melodrama,2002,Doris Rimmington,6.62,Crime|Drama|Romance
Bring It On: All or Nothing,2009,Anneliese Skylett,7.87,Comedy
Edge of Seventeen,2010,Vannie Burker,7.04,Comedy|Drama|Romance
Judy Berlin,1995,Bridgette Cromarty,3.07,Drama
Crimes Against Humanity,2004,Gwendolyn Boyen,2.15,Comedy
Robin Hood: Men in Tights,2007,Tillie Murtimer,6.08,Comedy
My Friends (Amici miei),2000,Jacinda Pawelke,3.01,Comedy
Down by Law,2001,Virgie Ody,9.23,Comedy|Drama|Film-Noir
1066,2006,Lyda Hachard,8.1,Action|Adventure|War
Shipwrecked (a.k.a. Haakon Haakonsen),1985,Tana Cornelleau,3.87,Adventure|Children
Lost Boys: The Tribe,2013,Siward Spondley,3.14,Comedy|Horror|Thriller
Midnight in Paris,2003,Terrance Van Oord,5.94,Comedy|Fantasy|Romance
Derailed,1991,Kerby Botly,3.4,Drama|Thriller
The Periwig-Maker,1995,Horatia Dulake,1.11,Animation
Trail of the Screaming Forehead,2011,Freida Morot,0.74,Comedy|Sci-Fi
IMAX: Coral Reef Adventure,2005,Hersch Gavahan,3.38,Children|Documentary|IMAX
Pandora and the Flying Dutchman,1990,Joey Marrable,2.33,Drama
Counterfeiters. The (Die Fälscher),1995,Lea Stibbs,1.39,Crime|Drama|War
"Emmett""s Mark",1989,Benedikta Duffield,0.54,Crime|Drama|Thriller
April Love,2001,Davon Imm,7.38,Comedy|Drama|Musical
My Bloody Valentine,2010,Wallache Longbottom,1.47,Drama|Horror|Thriller
Other One. The,2010,Pier Truse,5.08,Drama|Mystery
Ruling Class. The,2009,Eulalie Stronghill,9.24,Comedy|Drama
Reflections in a Golden Eye,1993,Lanae Donaho,1.1,Drama
Johnny 100 Pesos (Johnny cien pesos),2006,Trude Redwood,1.24,Action|Drama
Uncommon Valor,2001,Frans Maylor,0.14,Action|War
Magical Mystery Tour,2005,Langsdon Dugald,5.87,Comedy|Musical
Underworld: Evolution,2013,Sydney Stileman,7.97,Action|Fantasy|Horror
Alien Nation: The Udara Legacy,1987,Bartie Brooke,1.61,Sci-Fi
Indian in the Cupboard. The,1996,Roby Shortland,7.2,Adventure|Children|Fantasy
Innocent Sleep. The,2008,Eyde Northern,4.76,Crime
"Joe Gould""s Secret",2001,Jaclyn Ivakin,8.18,Drama
Dream Team 1935,2000,Pansie Demead,4.96,Comedy|Drama
George Harrison: Living in the Material World,1990,Elsinore Karpe,2.51,Documentary
Yearling. The,2002,Adeline Creamen,1.97,Adventure|Children|Drama
White. Red and Verdone,1988,Bill Dmych,2.86,Comedy
Living on One Dollar,1995,Janis Burfield,9.29,Adventure|Documentary|Drama
Girl Cut in Two. The (Fille coupée en deux. La),1999,Mal Gilkison,9.31,Drama|Thriller
47  Ronin (Shijûshichinin no shikaku),1999,Nikki Ruller,7.37,Action|Drama
Tale of Princess Kaguya. The (Kaguyahime no monogatari),1987,Nanice Piscopiello,7.15,Animation|Drama|Fantasy
Lauderdale (a.k.a. Spring Break USA) (a.k.a. Spring Fever USA),2003,Marv Ferrige,9.53,Comedy
Private Life of Don Juan. The,2001,Idalia Brockwell,3.91,Comedy|Drama|Romance
Safe,2000,Sammy Scotchford,8.67,Thriller
Sasayaki (a.k.a. Moonlight Whispers) (Gekkô no sasayaki),1995,Fayth De Hoogh,6.54,Drama|Romance
Three Fugitives,2007,Gianina Copestake,2.04,Action|Comedy
Entertaining Angels: The Dorothy Day Story,2011,Jud Hillyatt,4.95,Drama
51,2008,Deck Cholwell,7.82,Horror|Sci-Fi
Captain Conan (Capitaine Conan),2004,Alyse Willey,4.51,Drama|War
Substitute. The,2006,Trenna Rawnsley,1.5,Action|Crime|Drama
Point. The,1992,Stevena Knutton,9.72,Animation|Children|Fantasy|Musical
La Putain du roi,2006,Price Huggill,9.76,Drama|Romance
Ollin oppivuodet,1964,Gabe Meaton,6.71,Drama
Clown,2009,Blinny Larsen,8.27,Drama|Horror
Passing Fancy (Dekigokoro),2001,Gerri Gianulli,9.67,Drama
Arthur and the Revenge of Maltazard (Arthur et la vengeance de Maltazard),1997,Corrine Summersby,3.12,Animation|Children|Fantasy
48 Shades,1997,Carlin Twohig,7.8,Comedy|Drama
I Will Follow You Into the Dark,2006,Findlay Tivnan,2.19,Drama|Horror|Romance
Superproduction (Superprodukcja),2003,Louisa Wadge,5.32,Comedy
Importance of Being Earnest. The,2007,Ysabel Greetham,1.54,Comedy|Drama|Romance
Come September,1992,Gannie Ruckman,4.09,Comedy
Safe,2009,Grier Shawcross,9.92,Thriller
Razorback,2002,Pyotr Dawidowitz,5.85,Horror|Thriller
Advise and Consent,1994,Wayne Weyland,3.85,Drama
I Sell the Dead,1995,Babette Dils,6.24,Comedy|Horror
Legion of the Dead,2008,Tabbi Quinnelly,1.99,Comedy|Horror
In the Name of the Law,2003,Richard Askem,8.92,Drama
Hercules,2007,Gar Saterweyte,6.07,Action|Adventure
Carnosaur 2,1993,Gwen Dunbobin,1.56,Horror|Sci-Fi
Rent-A-Cop,2010,Florinda Pietrusiak,8.42,Action|Comedy|Crime
Cactus Flower,1998,Pier Sparkwell,1.14,Comedy
Gunless,1998,Chick Saward,3.98,Action|Comedy|Drama|Western
"She""s Out of Control",2001,Frederique Beckhurst,6.4,Comedy
Paris Trout,2006,Aubert Malarkey,2.88,Drama
Walk on the Moon. A,2002,Tiphanie Trevithick,4.89,Drama|Romance
Quadrille,2004,Noellyn Cleave,3.26,Comedy|Romance
Experience. The (Tadjrebeh),1984,Erich Goundsy,1.36,Drama
Get Real,1993,Cosmo MacCoughan,5.1,Drama|Romance
Mystery Science Theater 3000: The Movie,2008,Yanaton Candelin,3.09,Comedy|Sci-Fi
Four Sided Triangle,2009,Elita Hitschke,4.02,Romance|Sci-Fi
We Need to Talk About Kevin,2001,Flory Derl,7.43,Drama|Thriller
Harmontown,2010,Montgomery Pierce,3.77,Documentary
Disappearance of Alice Creed. The,1998,Kenny Veal,5.21,Thriller
Chicago Overcoat,1992,Pierette Colbeck,2.46,Action|Drama
Hangmen Also Die,2006,Cort Brackley,3.9,Drama|War
Pont du Nord. Le,1994,Brew Sherburn,6.13,Comedy|Fantasy|Mystery
"Amy""s O (a.k.a. Amy""s Orgasm)",1984,Sashenka Sothern,7.47,Comedy|Romance
Avalon,2009,Florette Roebottom,2.57,Drama
Big Game,2010,Puff Hanny,0.06,Action|Adventure
Tokyo Drifter (Tôkyô nagaremono),2007,Robbin Hudd,6.3,Action|Crime|Drama
Free Radicals (Böse Zellen),1967,Francesco Derrington,4.06,Drama
Night in the Life of Jimmy Reardon. A,2003,Duff Breukelman,3.8,Comedy|Romance
"What""s New. Pussycat",1995,Kaia MacPherson,7.44,Comedy
Rx,2006,Anallese Gwillym,5.76,Crime|Romance|Thriller
Return to Me,1997,Kelly Sollitt,2.78,Drama|Romance
Armless,2011,Sigismundo Betke,2.84,Comedy
Unfair Competition (Concorrenza sleale),2011,Suzanne Gregs,0.83,Drama|War
Happy Poet. The,1984,Arvie Hindrich,8.8,Comedy|Drama|Romance
Phoenix,2012,Alix Savery,5.37,Crime|Drama
Under the Sand,1995,Cariotta Brunel,9.45,Drama
Quarantine 2: Terminal,1996,Rutter Burdekin,8.14,Horror|Mystery|Sci-Fi
Now. Voyager,2009,Ines Stango,5.22,Drama|Romance
Clock. The,1992,Orly Cawood,2.82,Adventure|Drama|Romance
Slumber Party Massacre. The,1999,Janessa Foxwell,6.05,Horror
Clockwise,2008,Julia Pree,3.1,Comedy
David Cross: Let America Laugh,1998,Cleopatra De Dantesie,4.96,Comedy|Documentary
Linda Linda Linda,2008,Shelby Stapells,3.96,Comedy|Drama
Graffiti Bridge,1990,Reba Fellgate,1.17,Drama|Musical
Lemmy,1995,Roderick Iannuzzi,1.75,Documentary
Dark Water,2004,Mack Izakov,2.84,Drama|Horror|Thriller
Escaflowne: The Movie (Escaflowne),2000,Othilia Pepon,8.92,Action|Adventure|Animation|Drama|Fantasy
Score: A Hockey Musical,2011,Sher Moulsdall,4.53,Comedy|Musical
Pirates,2006,Ase Caulfield,8.85,Adventure|Comedy
Journey of August King. The,1996,Arlyn Taffs,1.58,Drama
Triumph of the Spirit,1998,Dena Glennard,9.51,Drama
Lawnmower Man. The,2012,Lilian Surpliss,4.26,Action|Horror|Sci-Fi|Thriller
Crimes of Fashion,2004,Petronia Dyter,4.25,Comedy
Grudge Match,2011,Hubey Bentham3,0.5,Comedy
The Robot vs. the Aztec Mummy,2008,Dukie Varndell,2.18,Horror|Sci-Fi
Woman of Affairs. A,1999,Deanna Ballaam,6.53,Drama
Ziegfeld Follies,1996,Morgana Haggerty,4.9,Comedy|Musical
Fortune Cookie. The,2006,Salvador Karys,8.19,Comedy|Drama|Romance
The Perfect World of Kai,2012,Eunice Carroll,2.2,Animation|Drama
The Last Shark,2012,Teirtza Zuanelli,0.83,Adventure|Horror|Thriller
Babysitter Wanted,2011,Lutero Casely,4.88,Horror|Thriller
Three Outlaw Samurai (Sanbiki no samurai),2011,Bliss Grigorini,6.12,Action|Drama
Earth (Zemlya),2007,Julianna Upston,2.61,Drama
"Jet Li""s Fearless (Huo Yuan Jia)",1993,Riva Davydenko,4.45,Action|Drama
"Leo""s Room (Cuarto de Leo. El)",1990,Keenan Tytcomb,4.74,Drama
Angels in America,2006,Ring Roydon,9.12,Drama|Fantasy
Squid and the Whale. The,1994,Paige Tebbet,2.08,Comedy|Drama
The Voices,2011,Rik Sansam,5.16,Comedy|Crime|Thriller
Scott Pilgrim vs. the World,1999,Cyb Stansbie,5.03,Action|Comedy|Fantasy|Musical|Romance
Mystery Team,1999,Gilbertine Giovannardi,2.77,Comedy|Crime|Mystery
Payday,2000,Danna Cardis,1.02,Drama
Lovers on the Bridge. The (Amants du Pont-Neuf. Les),1994,Myrtice Dormer,7.8,Drama|Romance
To the Limit (Am Limit),2006,Cybil Ashpole,0.01,Documentary
Victory (a.k.a. Escape to Victory),2011,Christean Plunkett,2.98,Action|Drama|War
Twilight Zone: The Movie,2006,Conrade Redhole,3.85,Fantasy|Horror|Sci-Fi|Thriller
Call Northside 777,2007,Danette Campanelle,5.39,Crime|Drama|Film-Noir
Insider. The,2003,Shel Drei,5.26,Drama|Thriller
Halloween Tree. The,2008,Delmar Crombleholme,6.93,Animation|Children
Betrayal. The (Nerakhoon),1993,Bayard Culpan,1.41,Documentary
Point Blank (À bout portant),1965,Paulie Wagenen,9.2,Action|Crime|Thriller
Boy on a Dolphin,2008,Beverley Halbord,7.56,Adventure|Romance
Glenn Killing på Berns,1996,Janice Ceely,5.89,Comedy
Lightning Jack,2007,Isahella Dohmann,6.2,Comedy|Western
American Roulette,1987,Irita Kimberley,9.17,Thriller
Kid With a Bike. The (Le gamin au vélo),1985,Susette Kensley,6.71,Drama
Accused (Anklaget),1985,Lexie Gerkens,9.13,Drama
Compulsion,1986,Mignon MacRitchie,6.52,Drama|Thriller
Scared Shrekless,2010,Giovanni Havill,2.4,Adventure|Animation|Comedy
Bordertown,1993,Nichol Niblock,0.89,Crime|Drama
Private Life of Henry VIII. The,1993,Filide Souley,6.63,Comedy|Drama
Finding Normal,1995,Herman MacGahey,2.4,Comedy|Romance
Yo Yo (Yoyo),1998,Lita Vise,8.85,Comedy|Drama|Romance
Enter Arsene Lupin,1999,Grange Shadrack,8.7,Crime|Drama
David Cross: Let America Laugh,1993,Fonz Joscelyn,6.05,Comedy|Documentary
Greatest. The,2007,Mariele Coomer,0.51,Drama|Romance
Moon Warriors. The (Zhan shen chuan shuo),1993,Lizzy Kleinberer,2.2,Action|Adventure
Arthur,2008,Whit Albon,8.84,Comedy
The Raid: Redemption,1994,Hestia Benet,7.53,Action|Crime
Deepstar Six,1983,Lorri Brazener,3.68,Horror|Sci-Fi|Thriller
Daddy and Them,1991,Salomi Densell,0.29,Comedy|Drama
Private Life of Henry VIII. The,2001,Alastair Farnall,9.22,Comedy|Drama
Audition (Konkurs),2012,Ulysses Vogelein,5.93,Documentary
Kuffs,2009,Tyson Pering,6.92,Action|Comedy|Crime
Trotsky. The,2010,Beilul Stammirs,7.87,Comedy
Music Box. The,2002,Archer Sindall,3.09,Comedy
Tuff Turf,2013,Isadora Zeal,9.05,Drama
Eat Sleep Die (Äta sova dö),2005,Hewie Meates,8.09,Drama
Frankenfish,2010,Britt Brickham,5.49,Action|Comedy|Horror|Sci-Fi|Thriller
Adventures of Huckleberry Finn. The,2011,Starlin Bigglestone,0.88,Adventure|Children
Saboteur,1984,Iris Luck,7.79,Mystery|Thriller
Days of Being Wild (A Fei jingjyuhn),2007,Sue Campanelle,2.41,Drama|Romance
Deliver Us from Evil,1994,Imelda Currer,0.62,Crime|Horror|Thriller
Nine Dead,2004,Edward Barthrop,5.99,Crime|Mystery|Thriller
Zu: Warriors from the Magic Mountain (Xin shu shan jian ke),2002,Ronalda Sharrier,5.94,Action|Adventure|Fantasy|Horror
Daniel Deronda,1995,Burty Spellman,5.47,Drama|Romance
Switching Channels,2012,Roosevelt Wiley,2.68,Comedy
"Winter""s Bone",1999,Tomkin Impleton,6.56,Drama|Thriller
Pauline & Paulette (Pauline en Paulette),1994,Livvyy Giacomuzzo,0.57,Comedy|Drama
Two of a Kind,2001,Effie Rattenberie,1.47,Comedy|Fantasy|Romance
Pirate. The,2004,Hanni Litherland,2.83,Adventure|Comedy|Musical|Romance
Day After. The,1984,Almira Kintzel,4.77,Drama|Sci-Fi
3 Bad Men,1993,Fannie Ropert,2.06,Western
Villain. The (Ek Villain),2006,Harrison Olek,8.98,Action|Romance|Thriller
Rio 2,2011,Shayla Kenvin,2.36,Adventure|Animation|Children|Comedy
Return to Paradise,2010,Jarred Rosbottom,2.28,Crime|Drama|Romance|Thriller
28 Days Later,1993,Lydie Branni,8.84,Action|Horror|Sci-Fi
Pet Sematary,2012,Nikolaus Mace,0.06,Horror
Battle of the Bulge,2010,Mufi Ilbert,7.44,Action|Drama|War
White Reindeer. The (Valkoinen peura),1998,Aymer Casperri,7.42,Drama|Fantasy|Horror
Case Against 8. The,1994,Asher Mattusevich,2.65,Documentary
Born Romantic,2011,Haven Strowger,9.26,Comedy|Drama|Romance
Highlander: Endgame (Highlander IV),2003,Glynn Larraway,6.09,Action|Adventure|Fantasy
Mystery of Picasso. The (Le mystère Picasso),2009,Lodovico Relfe,8.42,Documentary
Pyaar Ka Punchnama,1995,Judas Kinloch,5.95,Comedy|Drama|Romance
Marksman. The,1984,Abagail Kinnoch,5.8,Action|Adventure|Thriller|War
What Price Hollywood?,2010,Maryellen Kasman,8.04,Drama
Bad Country,2013,Vanna Mollitt,1.07,Action|Crime|Drama|Thriller
Woman in the Moon (By Rocket to the Moon) (Frau im Mond),2010,Grazia Poyle,5.28,Comedy|Drama|Romance|Sci-Fi
Replicant,1985,Laurice Roseblade,6.46,Action|Sci-Fi|Thriller
London Paris New York,2000,Bobbie Deyenhardt,9.5,Romance
Very Brady Sequel. A,1997,Gabriela Fardy,1.67,Comedy
1990: The Bronx Warriors (1990: I guerrieri del Bronx),2000,Shae Yukhnevich,7.85,Action|Sci-Fi
Ted,2003,Filide Hagart,2.5,Comedy|Fantasy
"Blackadder""s Christmas Carol",2005,Amil Broomer,3.72,Comedy
Prophecy II. The,2001,Sadie Ronaldson,9.51,Horror
"Charlotte""s Web 2: Wilbur""s Great Adventure",2000,Gothart Kurtis,8.1,Adventure|Animation|Children
Forever Strong,2010,Huey Borman,2.72,Drama
Hour of the Wolf (Vargtimmen),1992,Josselyn Duker,3.16,Drama|Horror
Full Moon High,2006,Elke Galiford,9.14,Comedy|Fantasy|Horror
Chouchou,1997,Javier Dewsbury,0.87,Comedy
Girls on Top,2005,Raymond Elwell,3.43,Comedy
Stella Does Tricks,1991,Gabrila Chipchase,4.33,Drama
Sheepman. The,1990,Deanne Kirgan,0.51,Comedy|Western
Neurons to Nirvana,1984,Adrienne Monkleigh,7.75,Documentary
Jekyll & Hyde... Together Again,2007,Sibelle Brinsford,6.04,Comedy|Sci-Fi
Yojimbo,2004,Sonnie Rafferty,5.75,Action|Adventure
Mulberry Street,1978,Marcelle Welfare,9.19,Action|Horror|Thriller
Bigger Than Life,1996,Kally MacGarvey,2.22,Drama|Mystery|Thriller
My Friend Irma Goes West,1994,Noell Guerrero,9.8,Comedy|Crime|Musical
Tavarataivas,2005,Cullan Edmeades,1.14,Documentary
Sheep Eaters (Lampaansyöjät),1987,Editha Este,0.38,Comedy|Drama
Painted Lady,1992,Adolphe Plowell,8.28,Crime|Drama|Thriller
Maxed Out: Hard Times. Easy Credit and the Era of Predatory Lenders,2009,Zsa zsa Aspinal,2.66,Documentary
Delgo,2001,Thacher Botwright,7.97,Adventure|Animation|Comedy|Fantasy|Romance
Shattered Image,1994,Ingra Claricoats,9.31,Drama|Thriller
"Tyler Perry""s Madea""s Big Happy Family",1991,Selina Glanester,9.57,Comedy|Drama
Seven Years in Tibet,2001,Roley Ragless,9.84,Adventure|Drama|War
Glimpse Inside the Mind of Charles Swan III. A,2002,Si Fothergill,6.67,Comedy
Autobiography of Miss Jane Pittman. The,2006,Imogen Tidbald,4.38,Drama
On Guard (Bossu. Le),1995,Donovan Skyrm,9.12,Adventure|Drama
Goodbye First Love,1986,Myrna Rubinowitz,7.4,Drama|Romance
Band Baaja Baaraat,1980,Carly Cauldwell,6.03,Comedy|Drama|Musical
Lock Up,1994,Cooper Bayman,5.77,Action|Adventure|Crime|Drama|Thriller
Mina Tannenbaum,2011,Gamaliel Greaves,0.32,Drama
Why We Fight,1993,Latrina Zorzenoni,3.82,Documentary
Heart of a Lion,1992,Knox Corteis,9.97,Comedy|Drama|Romance
Six in Paris (Paris vu par...),2012,Bogey Jancso,9.15,Drama|Romance
Scarlet Pimpernel. The,2002,Derward Ariss,8.71,Action|Drama|Romance
Buddies (Colegas),2006,Lawrence Scadding,1.39,Adventure|Comedy
First Strike (Police Story 4: First Strike) (Ging chaat goo si 4: Ji gaan daan yam mo),2011,Sibel Barsby,5.86,Action|Adventure|Comedy|Thriller
Evilenko,1986,Roxine Kleingrub,4.59,Crime|Horror|Thriller
To the Shores of Tripoli,2006,Zackariah Calvey,5.34,Drama|Romance|War
Almost Man. The (Mer eller mindre mann),2002,Andeee Strelitz,3.57,Comedy|Drama
Dear Diary (Caro Diario),1972,Ronalda Niemetz,3.2,Comedy|Drama
Desperadoes. The,1988,Karla Pash,8.21,Romance|Western
Boondock Saints II: All Saints Day. The,1985,Reese Klagges,4.26,Action|Crime|Drama|Thriller
Shrink,2013,Maighdiln Pollicatt,3.51,Drama
He Loves Me... He Loves Me Not (À la folie... pas du tout),2007,Annemarie Meadway,1.41,Romance|Thriller
Place Called Chiapas. A,2000,Fidelio Garvie,4.14,Documentary
Sunset,2012,Chickie Inkpen,4.35,Action|Comedy|Thriller|Western
Comic Book Villains,1998,Earl See,6.84,Comedy
Horrible Bosses 2,2008,Renell Leverett,3.42,Comedy|Crime
Little Thief. The (La petite voleuse),1989,Hymie Rosbotham,2.13,Crime|Drama|Romance
My Life So Far,2012,Maynord Meek,2.44,Drama
Castaway on the Moon (Kimssi pyoryugi),2001,Maximo Sulley,4.9,Comedy|Drama|Romance
The Trip to Squash Land,2006,Melli Edie,9.64,Animation
Brief Interviews with Hideous Men,2003,Alfons Menier,2.51,Comedy|Drama
Lords of Salem. The,2009,Antonia Currm,2.34,Horror|Thriller
Eaten Alive,1987,Belvia Blazewski,7.66,Horror
Taxi 3,1997,Xymenes Sedgemond,8.78,Action|Comedy
"Captain Corelli""s Mandolin",1994,Mathilda Havers,2.9,Drama|Romance|War
Backstairs (Hintertreppe),1985,Denney Deuss,7.16,Drama
Boomerang,2012,Nissie Giacubo,0.53,Crime|Drama|Film-Noir
Bachelor in Paradise,1995,Barr Cartlidge,4.76,Comedy|Romance
Puss in Boots (Nagagutsu o haita neko),2005,Eben Hebblethwaite,1.24,Adventure|Animation|Children|Comedy|Fantasy|Romance
Paradise,2004,Angelina Watchorn,5.96,Romance
Royal Scandal. A,1997,Amery Sisey,5.9,Comedy|Drama
What Time Is It There? (Ni neibian jidian),1994,Kit Kilcoyne,2.02,Drama
Story of Mankind. The,1996,Ilyse Waller,0.5,Drama|Fantasy
Hoffa,1999,Farris Sothern,8.53,Crime|Drama
Vengeance Can Wait,1996,Marcella Blum,8.05,Comedy|Drama|Romance
Murder!,1988,Catlaina Dearsley,8.63,Mystery|Thriller
Seventh Heaven (Septième ciel. Le),2003,Jacklyn Turbitt,0.09,Drama|Romance
"Monty Python""s Life of Brian",2007,Sheryl Pinwill,3.0,Comedy
Los Marziano,2007,Hedi Wison,5.33,Comedy|Drama
Pleasure Seekers. The,2012,Vickie Shadfourth,2.95,Comedy|Musical|Romance
Enemy Below. The,1992,Redd Holston,2.44,Action|Drama|War
Rigor Mortis (Geung si),2010,Idaline Hamon,1.99,Action|Drama|Horror
Happening. The,2006,Bryna Ivimey,7.32,Drama|Sci-Fi|Thriller
Alex and Emma,2011,Gray Palay,9.7,Comedy|Drama|Romance
Public Speaking,1985,Zelig Jakeway,9.45,Documentary
Lola (Twinky) (London Affair),1997,Mahmoud Diperaus,0.55,Comedy|Drama|Romance
Mr. Woodcock,1995,Harrie Garthland,1.48,Comedy
MVP: Most Valuable Primate,2004,Cristal Winman,0.01,Comedy
3 Idiots,1998,Fredra Baldacchi,8.38,Comedy|Drama|Romance
Year My Voice Broke. The,1999,Kaila Gapper,5.24,Drama
Hunting Party. The,2001,Errol Morrowe,5.64,Action|Drama|Western
Clueless,2010,Gillan Margiotta,1.26,Comedy|Romance
"Boys Don""t Cry",2010,Collen Norcliff,2.61,Drama
Girl Most Likely,2005,Eada Traise,8.31,Comedy
My Neighbor Totoro (Tonari no Totoro),1997,Mylo Hinchcliffe,3.7,Animation|Children|Drama|Fantasy
Shiro Amakusa. the Christian Rebel (Amakusa Shiro tokisada),1964,Tiffy Hedan,4.69,Drama|War
Tell Them Anything You Want: A Portrait of Maurice Sendak,1984,Rafaelia Tailour,5.52,Documentary
Separate Lies,2011,Budd Louys,8.17,Drama|Romance|Thriller
Get the Gringo,2006,Kahlil Cafferky,8.4,Action|Crime|Drama|Thriller
While She Was Out,2007,Filide Ephson,8.97,Thriller
Taking Lives,2003,Randolf Del Castello,1.79,Crime|Drama|Thriller
Mr. Robinson Crusoe,2008,Jayson Atrill,4.16,Adventure|Comedy
Cherry Orchard. The (Sakura no sono),2011,Lilias Rablin,7.96,Drama
Shopgirl,1984,Gustave Stearne,1.8,Comedy|Drama|Romance
Star!,2012,Christal Goundry,5.56,Musical
Cousin Bette,1992,Glenden Esposi,1.59,Comedy
Wishmaster,2004,Seamus de Lloyd,3.62,Horror
Ex Drummer,1997,Fleur Blencowe,9.18,Comedy|Crime|Drama|Horror
Gilda,2010,Rhody Heakey,1.52,Drama|Film-Noir|Mystery|Romance
V/H/S/2,1999,Steffen Aseef,7.14,Horror|Thriller
Forever. Darling,1994,Pammie Arrol,0.19,Comedy|Fantasy
Blind Swordsman: Zatoichi. The (Zatôichi),2010,Leisha Brosini,3.49,Action|Comedy|Crime|Drama
Cet amour-là,2004,Neddie Beverley,0.26,Drama|Romance
Housemaid. The (Hanyo),2005,Marcie Klamp,2.69,Crime|Drama|Horror
Dabangg 2,1969,Cari Illsley,0.48,Action|Comedy|Drama|Musical|Romance
Robocroc,1988,Angelo Inchan,0.71,Action|Horror
Severe Clear,2012,Andrey Champney,4.61,Comedy|Documentary
Dying of the Light,1993,Nert Skowcraft,8.54,Drama|Thriller
Case Against 8. The,2006,Briant Habbin,6.26,Documentary
Ben X,2008,Wilmer Cornuau,9.79,Drama
Time Stood Still (Il tempo si è fermato),2008,Piper Plessing,3.25,Drama
White Nights,2005,Skylar Seven,2.3,Drama
From Zero to Hero,2002,Kenny Cords,7.89,Comedy|Drama|Romance
Summer Wishes. Winter Dreams,2003,Inez Hurles,5.47,Drama
"Rosemary""s Baby",2010,Darya Braley,9.52,Drama|Horror|Thriller
Frankenstein Must Be Destroyed,2011,Kelsi Tanton,0.46,Drama|Horror|Sci-Fi
Maid in Manhattan,2013,Geralda Shivlin,0.56,Comedy|Romance
Gifted Hands: The Ben Carson Story,1998,Forest Whapples,2.91,Drama
Eternity and a Day (Mia aoniotita kai mia mera),1966,Karoly Tod,0.11,Drama
Three Men and a Little Lady,2004,Odessa Renbold,9.17,Comedy|Romance
Millennium Mambo (Qian xi man po),2006,Oates Baggallay,2.01,Drama|Romance
"Darby O""Gill and the Little People",2001,Christin Winstanley,5.26,Adventure|Children|Fantasy
It! The Terror from Beyond Space,1999,Ingamar Acey,2.61,Horror|Sci-Fi|Thriller
Union Station,1992,Hernando Brands,5.04,Drama|Film-Noir
Westward the Women,1995,Connor Adamo,9.31,Drama|Western
Forces of Nature,2003,Patricia Bazoche,7.3,Comedy|Romance
Rhapsody in Blue,2012,Donall Biset,1.71,Drama|Musical
Vital Signs,1993,Caleb Cometti,2.48,Drama
Cuckoo. The (Kukushka),2000,Waly Winridge,6.35,Comedy|Drama|War
Romantics Anonymous (Les émotifs anonymes),2000,Dyan Linsey,9.43,Comedy|Romance
Brightness (Yeelen),2002,Puff Divine,6.62,Fantasy
Twister,1995,Katharine Ezele,1.27,Comedy
Semper Fi,1997,Reagen Pettican,8.56,Action|Drama
Saint of Fort Washington. The,1989,Lazaro Pighills,0.52,Drama
Witches. The,2007,Marie-ann Dabner,9.6,Children|Fantasy
Married to the Mob,2006,Herminia Cheyney,7.21,Comedy
Lawman,1994,Erinn Aery,5.39,Western
Prince Valiant,2011,Haily Edrich,1.57,Adventure
44500 Max,1978,Fallon Sowerbutts,1.59,Documentary
AM1200,1969,Adele Cowoppe,5.27,Horror
Louie Bluie,1992,Marsha Dictus,5.84,Documentary
Wings of the Dove. The,2002,Jarrett Hatherell,3.54,Drama|Romance
Played,1996,Michel Paladino,0.17,Crime|Thriller
And Now My Love (Toute une vie),1998,Martynne Stickels,7.53,Drama|Romance
Hunted. The,2006,Niki Rickerby,6.69,Action|Drama|Thriller
Since You Went Away,2011,Sissy Hayfield,8.67,Drama|War
Thérèse: The Story of Saint Thérèse of Lisieux,2002,Amata Magill,5.46,Drama
The Miracle of Our Lady of Fatima,2004,Ferrell Galletly,4.39,Drama
"Demons 2 (Dèmoni 2... l""incubo ritorna)",2004,Ibby Fulbrook,5.37,Horror
Lone Ranger and the Lost City of Gold. The,1996,Pam Dalzell,3.67,Adventure|Mystery|Western
Red 2,1989,Ode Caldes,9.27,Action|Comedy|Crime|Thriller
Turning. The,1994,Marys Godfrey,5.95,Drama
Flesh Merchant. The (Wild and Wicked. The),2001,Filip Bewshaw,3.82,Drama
Tube Tales,1999,Alf Ranson,9.28,Drama
Death Warrant,1988,Hannie Simenon,0.71,Action
Julia,2006,Kimberlee Brody,7.38,Drama|Thriller
Convoy,2005,Svend Manhare,9.46,Action|Comedy|Drama
Don Jon,1997,Bethanne Spore,1.57,Comedy|Drama|Romance
Bone,2011,Eydie Runnicles,1.65,Comedy
Frantic,2005,Lonee Merner,2.98,Crime|Mystery|Thriller
Protector. The,2006,Betty Stainburn,7.0,Action|Comedy|Drama|Thriller
Macao,1986,Sibelle Daunay,1.43,Adventure
Two Days. One Night (Deux jours. une nuit),2002,Arley Leathes,7.95,Drama
Tinker Tailor Soldier Spy,2011,Ilka Crebott,3.82,Drama|Film-Noir|Thriller
Monster in the Closet,2003,Michele Comoletti,1.88,Comedy|Horror
"You""ll Never Get Rich",2008,Gordie Penvarden,9.85,Comedy|Musical|Romance
Hammer of the Gods,2005,Frans Prettyjohns,5.49,Action
Russian Specialist. The (Mechanik. The),1998,Adriane Geistbeck,7.34,Action|Drama|Thriller
Children of the Decree (Das Experiment 770 - Gebären auf Befehl),1985,Radcliffe Sketcher,3.78,Documentary
The Last Station,1998,Doy Stanney,5.88,Drama
Easy Living,2008,Justen Teodoro,1.89,Comedy|Romance
Infidel. The,2012,Jed Muscat,1.09,Comedy
"Punk""s Dead: SLC Punk! 2",2011,Flin Rodwell,1.56,Comedy
Anna Nicole (Anna Nicole Smith Story. The),2007,Stearn Bruckman,8.77,Drama
Je. tu. il. elle (I. You. He. She),2002,Tobiah Elgee,3.19,Drama
Bravo Two Zero ,2009,Alaine Crosio,8.04,Adventure|Thriller|War
Late Bloomers,1994,Taite Marrian,7.36,Drama
Me Too (Yo. también),2004,Taddeo Crannis,4.2,Drama
Summer by the River. A (Kuningasjätkä),1985,Mischa Wilden,2.3,Drama
Veronika Decides to Die,2006,Mose Druett,5.75,Drama|Romance
Spring Break Shark Attack,2002,Kain Heavy,8.32,Adventure|Drama|Horror
The Last Gladiators,2002,Bobine Kohn,3.95,Documentary
"I""m So Excited (Los amantes pasajeros)",1994,Sidonia Sellors,2.05,Comedy
Just a Kiss,2002,Jeff Maynell,5.21,Comedy|Romance
Fog. The,2002,Emmie Thridgould,5.02,Action|Horror|Mystery|Thriller
Treasure Planet,1992,Lloyd Wignall,5.47,Adventure|Animation|Children|Sci-Fi|IMAX
Commandments,2010,Rance Stokell,8.13,Romance
Jonas,2009,Micah Malkie,7.16,Comedy
Saw,2001,Marv Bountiff,1.67,Horror|Mystery|Thriller
Agenda: Grinding America Down,1992,Leta Benner,5.6,Documentary
Private Function. A,2011,Celeste Milner,8.68,Comedy
Guelwaar,1995,Alayne Fellman,6.21,Drama
Memento Mori (Yeogo goedam II),1995,Ronalda Hacaud,8.4,Horror
Scar. The (Blizna),1999,"Quinlan D""Ambrogio",6.94,Drama
Border Radio,2012,Tanney Theml,7.87,Drama
I Saw the Devil (Akmareul boatda),2010,"Bernadine O""Hartnedy",8.82,Crime|Thriller
Asphalt,2009,Jonas Ourry,3.45,Drama
Supermensch: The Legend of Shep Gordon,2002,Vallie Bentley,8.87,Documentary
Beer,2008,Victor Bearham,5.27,Comedy
Conan the Barbarian,1999,Lynne Bolin,7.71,Action|Adventure|Fantasy
Stevie Nicks: Live at Red Rocks,2001,Florie Hallatt,3.62,Documentary|Musical
Katyn,1999,Dani Dyzart,1.56,Drama|War
Ripe,1994,Seymour Nineham,5.52,Drama
"Year One. The (L""an 01)",1999,Phoebe Rudiger,6.82,Comedy
Freud: The Secret Passion,2010,Sibella Ricoald,4.85,Drama
Brainscan,2006,Rich Motte,9.61,Comedy|Horror|Sci-Fi|Thriller
Dragon Ball: The Path to Power (Doragon bôru: Saikyô e no michi),1993,Lynea Beckhouse,7.89,Action|Adventure|Animation|Children
Rum Diary. The,2008,Phaidra Gerretsen,3.82,Comedy|Drama|Thriller
Opera Jawa,2003,Fifine Sausman,6.26,Musical
Mourning Forest. The (Mogari no mori),2000,Bale Perree,6.14,Drama
Stranger on the Prowl (Imbarco a mezzanotte),2001,Anny Hawler,1.66,Drama
First Wives Club. The,1986,Shelba Bonar,1.84,Comedy
Mannequin,2011,Beatrisa Thorold,0.48,Drama
Vertigo,2013,Doroteya Codner,6.65,Drama|Mystery|Romance|Thriller
Omega Man. The,2010,Marshall Swyndley,2.85,Action|Drama|Sci-Fi|Thriller
Next Stop Wonderland,1985,Meredeth Burgyn,0.72,Comedy|Drama|Romance
Three Strangers,2008,Rupert Diggin,9.71,Crime|Drama
After Porn Ends,1997,Karly Parley,5.56,Documentary
Inevitable Defeat of Mister & Pete. The,2010,Wandie Wisson,8.91,Drama
Story of Luke. The,1992,Jenny Round,4.29,Comedy|Drama
Kiss. The,2011,Alyse Todaro,5.83,Romance
Freeway II: Confessions of a Trickbaby,2004,Isaiah Mothersdale,1.74,Comedy|Crime|Drama|Thriller
G. I. Blues,2008,Emmery Ceresa,6.22,Comedy|Musical|Romance
My Favorite Martian,1984,Brandi Bridgstock,9.05,Comedy|Sci-Fi
Yes Men. The,1992,Edmon Curuclis,6.41,Documentary
Dawn of the Planet of the Apes,1987,Marin Isaak,0.93,Sci-Fi
Inside Job,2002,Minda Shelbourne,2.13,Documentary
Goodbye to Language 3D,1993,Adriana Lago,6.32,Drama
Where the Buffalo Roam,2006,Shirley Barreau,3.19,Comedy
Westworld,1989,Avram Barratt,0.73,Action|Sci-Fi|Thriller|Western
SpaceCamp,2000,Tamra Gundry,5.77,Adventure|Sci-Fi
Cape Fear,2006,Aubine Batstone,6.99,Crime|Drama|Thriller
Fred Claus,2004,Cordy Birchenough,5.29,Children|Comedy|Fantasy
Julius Caesar,1996,Phineas Derill,6.41,Drama
Love & Pop,2006,Lanni Mouse,1.19,Drama
Hell Ride,2012,Neila McCray,8.35,Action|Drama|Thriller
Farewell to Matyora,2004,Shaylyn Matthisson,3.42,Drama
Geronimo: An American Legend,1995,Reinhold Ganny,8.43,Drama|Western
ABC Africa,2013,Dukie Whoolehan,0.96,Documentary
Poison Ivy II,1983,Forest Scholz,5.82,Drama|Thriller
Commune,2004,Harv Alder,6.39,Documentary
Further Gesture. A,2011,Beatriz Coomer,4.91,Drama
Straight Talk,2004,Mathilde Hirth,4.43,Comedy
Spiral,2001,Gibbie Whinray,4.61,Horror
Woman. a Gun and a Noodle Shop. A (San qiang pai an jing qi),2007,Emelina Newbigging,2.47,Comedy|Drama
Master and Margaret. The (Il maestro e Margherita),2001,Alexandro Frangleton,7.28,Drama|Fantasy|Romance
Dr. Jack,1992,Brittany Simond,9.84,Comedy
Son of No One. The,2003,Merrily Grimsey,1.55,Action|Crime|Thriller
Letter for the King. The (Brief voor de koning. De),1991,Madison Hoffman,3.27,Adventure
Awfully Big Adventure. An,2009,Bradford Pacher,3.89,Drama
Dead. The,2006,Lonnie Proctor,8.46,Drama
Beautiful Creatures,1992,Nance Blick,0.11,Drama|Fantasy|Romance
Post Tenebras Lux,2008,Tessy Figge,1.13,Drama
Wishmaster 3: Beyond the Gates of Hell,2005,Anderea Ivancevic,4.17,Fantasy|Horror
Life in a Day,1995,Titus Seymark,4.75,Documentary|Drama
Nightwatching,2012,Delmer Ibbison,3.31,Drama|Mystery
A Patriotic Man,2008,Chiquia Lartice,7.78,Comedy|Drama
Captain Mike Across America (Slacker Uprising),2006,Sissie Liversidge,3.71,Documentary
Open Road. The,1996,Delores Elsmore,4.43,Comedy|Drama
Fourth Kind. The,2000,Vivyan Pamplin,2.83,Horror|Mystery|Sci-Fi|Thriller
Partly Cloudy,1983,Marcello Sedgemore,0.54,Animation|Children|Comedy|Fantasy
Cocoanuts. The,1995,Mic Carbin,6.46,Comedy|Musical
Crac,2000,Karil Dammarell,3.14,Animation
Preston Sturges: The Rise and Fall of an American Dreamer,2005,Sondra Delaney,2.59,Documentary
Made in Dagenham,1994,Linnie Fogt,1.76,Comedy|Drama
Scratch,1992,Frayda Palfrey,7.24,Documentary
Daybreak,2004,Bobbee Du Plantier,8.7,Action|Drama|Romance|Sci-Fi
Man Push Cart,2008,Barrett Simonnet,2.14,Drama
Revolution,1995,Bethany Cartmael,0.54,Adventure|Drama|War
Primal,1998,Hirsch Fincken,1.39,Horror|Thriller
Culture High. The,1995,Angeline Michelotti,2.27,Documentary
"Sebastian Maniscalco: What""s Wrong with People?",1997,Linnie McMorran,2.07,Comedy
3 Bad Men,1997,Janot Kemmey,8.01,Western
Scary Movie 5 (Scary MoVie),1995,Arabel Durrell,8.9,Comedy
"Twelve O""Clock High",2011,Rhianon Rowlatt,1.33,Drama|War
Presidio. The,2003,Eal Skene,0.3,Action|Crime|Romance|Thriller
Sucker. The (Corniaud. Le),2008,Agnella Leopard,2.23,Comedy
Bachelor Apartment,2007,Vikky Deshon,2.71,Comedy|Drama|Romance
Eight Below,1993,Krishnah Knotton,9.79,Action|Adventure|Drama|Romance
Stand. The,1995,Jone Pietri,7.29,Adventure|Drama|Fantasy|Horror|Sci-Fi
Barbary Coast,1999,Josephina Oldnall,7.35,Adventure|Drama|Romance|Western
Border Feud,2006,Chuck Fort,7.76,Action|Comedy|Western
Battle Royale 2: Requiem (Batoru rowaiaru II: Chinkonka),1991,Matelda Peregrine,0.71,Action|Drama|Thriller|War
Legend of Boggy Creek. The,1976,Candra Peckett,0.37,Drama|Horror|Mystery|Thriller
My Way (Mai Wei),1998,Felicity Janc,8.63,Action|Drama|War
Thirst for Love. The (Ai no kawaki),2007,Siusan Skelbeck,7.15,Drama
Face/Off,1991,Ryan Danilovitch,7.78,Action|Crime|Drama|Thriller
Shine,2007,Margette Charteris,3.11,Drama|Romance
Pull My Daisy,2008,Madelene Darth,4.43,Comedy|Drama
Day of the Dead 2: Contagium,2002,Carrol Andriulis,8.25,Horror|Sci-Fi
"Summer of ""42",1993,Garold Padberry,2.35,Drama
Blondes at Work,2000,Rudiger Sperski,3.34,Crime|Drama|Mystery|Romance
Tracy Morgan: Black and Blue,1998,Kerry Lindblad,6.48,Comedy
Divorcing Jack,1996,Tobi Makin,2.9,Comedy|Thriller
Yellow Handkerchief. The,2009,Mellisent Skeete,4.83,Drama|Romance
Stay Tuned,1993,Emmerich Renvoise,6.9,Comedy
Wisdom,2003,Kin Johansen,6.1,Crime|Drama
Pure Country,1994,Harry Sharnock,6.42,Drama|Musical|Romance
Social Network. The,2001,Federico Woolager,2.48,Drama
Closed Circuit,1992,Gray Derdes,5.83,Crime|Drama|Mystery
TT3D: Closer to the Edge,2008,Elli Pickance,9.92,Documentary
Listy do M.,1994,"Farr O""Shaughnessy",2.18,Comedy|Romance
The Hearts of Age,2003,Rianon Heaney`,4.79,(no genres listed)
Italian for Beginners (Italiensk for begyndere),1986,Reina Lambourn,8.88,Comedy|Drama|Romance
Last Man Standing,2012,Madlen Juppe,6.03,Action|Crime|Drama|Thriller
"Eu Não Quero Voltar Sozinho (I Don""t Want to Go Back Alone)",1995,Julianne Petrelluzzi,3.87,Drama|Romance
Gory Gory Hallelujah,2005,Sidonia Maving,3.42,Comedy|Fantasy|Horror
"Illusionist. The (L""illusionniste)",2003,Lorna Kohring,3.33,Animation
Garage Olimpo,1997,Darlene Austwick,0.6,Drama
Year and a Half in the Life of Metallica. A,2002,Gerik Zannini,9.89,Documentary|Musical
Black Roses ,2000,Augusta Bierling,6.35,Horror|Musical
Titanic,1994,Titos Baskwell,5.98,Drama|Romance
Chipmunk Adventure. The,2001,Tanhya Stickley,2.9,Adventure|Animation|Children|Comedy|Fantasy|Musical
Scarlet Street,2002,Kissiah Oxshott,9.16,Film-Noir
Blue Streak,2000,Celinda Lacheze,2.25,Comedy
Barefoot,1997,Chelsie Koche,2.0,Comedy|Drama|Romance
Sweet Home,2005,Thaine Archbutt,9.56,Horror
McLibel,1995,Batholomew Birchett,0.5,Documentary
"St. Valentine""s Day Massacre. The",2002,Ive McGillivrie,3.6,Crime|Drama
Call of the Wild. The,2011,Rosa Lasslett,1.11,Action|Adventure|Drama|Romance|Western
Germinal,2005,Farah Harlick,4.26,Drama|Romance
9 1/2 Weeks (Nine 1/2 Weeks),1961,Myrilla Blomfield,6.6,Drama|Romance
The Butterfly Effect 2,2010,Ronald Rings,9.46,Adventure|Drama|Romance|Sci-Fi|Thriller
Japanese Story,1986,Luther Oldacres,0.97,Drama
A Walk in the Woods,2005,Karly Scholcroft,6.94,Adventure|Comedy|Drama
Coldblooded,2009,Aretha Vales,0.02,Comedy
Saturday Night and Sunday Morning,2012,Briana Blazdell,0.11,Drama
"Max Keeble""s Big Move",1995,Letisha Merioth,0.86,Children|Comedy
Bat*21,1994,Granger Gheeraert,5.25,Drama|War
Me and you (io e te),1999,Tremaine Epinay,0.23,Drama
Girls on the Road (a.k.a. Hot Summer Week),1993,Yardley Bawdon,0.08,Comedy|Drama|Thriller
National Gallery,2004,Sophronia Portwain,7.79,Documentary
Switchblade Sisters,1998,Gianina Wormald,0.95,Crime
Tout ce qui brille,2008,Tanner Ridgeway,8.28,Comedy|Drama
Haunting in Connecticut. The,2011,Zachariah Toombs,2.94,Horror|Thriller
Good Advice,2005,Kali Coller,5.36,Comedy|Romance
"My Night At Maud""s (Ma Nuit Chez Maud)",1997,Farrel Antoniewski,1.72,Comedy|Drama|Romance
Jury Duty,2013,Sayers Fadian,5.02,Comedy
Stray Cat Rock: Delinquent Girl Boss (Nora-neko rokku: Onna banchô),2000,Robinet Groundwater,0.65,Action|Crime
Tokyo Olympiad,1999,Johny Scarsbrook,6.08,Documentary
Champ. The,2000,Kerianne Stapley,9.71,Drama
Tom Sawyer,1998,Tiebout Trenouth,7.26,Adventure
Everything Will Be Fine,1991,Bunnie Graber,9.61,Drama|Thriller
Good Morning. Miss Dove,2004,Guy Brabin,7.47,Drama
Never Die Alone,2011,Jilli Bradane,4.72,Crime|Drama|Thriller
American Gun,2009,Jo Mill,5.28,Drama
Union: The Business Behind Getting High. The,2009,Hyman Tortoishell,6.04,Comedy|Documentary
Black Dahlia. The,2000,Neila Eskell,5.58,Crime|Drama|Mystery|Thriller
"You""re Not You",2006,Dorotea Hemstead,0.17,Drama
Rage in Heaven,2006,Jerrine Goss,4.21,Drama|Thriller
"Surf""s Up",2011,Rolph Benion,0.95,Animation|Children|Comedy
Tall Man. The,1998,Daveta Hinkens,2.48,Crime|Drama|Mystery
Music and Lyrics,1981,Valentin Beechcraft,0.03,Comedy|Romance
Ballast,1992,Kally Aspall,5.62,Drama
Unknown Known. The,1996,Kamila Phythien,7.82,Documentary
Year of the Comet,2008,Jobyna Marshallsay,9.86,Action|Adventure|Comedy|Romance
After the Rehearsal (Efter repetitionen),1999,Justino Croke,1.73,Drama
House. The (A Casa),1996,Melisse Leaney,3.43,Drama
Endless Love,2011,Rhetta Dahler,4.5,Drama|Romance
Soldier Blue,2003,Margery Piell,9.18,Western
Abbott and Costello Meet the Invisible Man,1991,Ruby Dumpleton,3.43,Comedy|Sci-Fi
"Mike""s New Car",1986,Gaylor MacMeeking,8.23,Animation|Comedy
Wildcat. The (Die Bergkatze),1980,Cory Castri,0.53,Comedy|Drama|Romance
End of the Affair. The,1995,Mervin Dennerly,3.25,Drama
"Comedy of Innocence (Comédie de l""innocence)",2003,Charmion Bavester,9.49,Drama|Thriller
Bodies. Rest & Motion,1997,Ogdan Delve,8.4,Drama|Romance
Milwaukee. Minnesota,2003,Terrell Coare,3.8,Drama
Mass Effect: Paragon Lost,2002,Abbe Russe,0.85,Action|Animation|Sci-Fi
Emo Philips Live,1995,Izzy Mulliner,1.91,Comedy
Time Regained (Temps retrouvé. Le),2006,Mada Kislingbury,5.82,Drama
Wildcats,1986,Ludovico Muris,2.4,Comedy
Elles,1999,Pieter Shirtcliffe,1.3,Drama
The great match,1989,Iseabal Sang,0.11,Comedy
Story of Mankind. The,1992,Dorthy Gudgeon,0.98,Drama|Fantasy
Atomic Submarine. The,2002,Jeth Shyres,2.58,Sci-Fi|Thriller
Drunken Master (Jui kuen),2006,Florri Broadley,0.35,Action|Comedy
Rock School,2011,Wald Wisker,3.83,Documentary
Wassup Rockers,1995,Joseph Wraight,4.73,Comedy|Drama
Day of the Dead,2009,Orlando Ballister,9.35,Horror|Sci-Fi|Thriller
Come Back to Me,2010,Heath Onge,2.48,Horror
Grandfather. The (Abuelo. El),1994,Roxi Arcase,2.11,Drama
Man You Had in Mind. The,1990,Rossy Davisson,8.24,Documentary
Fiancee. The (Parineeta),2007,Shirley Jaskiewicz,1.74,Drama
American Gun,2011,Worth Ockland,9.38,Drama
Pursuit of the Graf Spee (Battle of the River Plate. The),2009,Aidan Duny,5.75,Action|Adventure|Drama|War
Lost in Siberia (Ausgerechnet Sibirien),2009,Daryl Crowthe,3.43,Comedy|Drama
Touching the Void,2001,Munroe Sollon,7.93,Adventure|Documentary
Sorority Babes in the Slimeball Bowl-O-Rama,1987,Irvin Cabena,0.58,Comedy|Horror
Rocking Horse Winner. The,1998,Cory Mates,8.04,Drama|Horror
Vow. The,1999,Rooney Daughtrey,0.99,Drama|Romance
Rent-a-Kid,1993,Liana Walhedd,8.18,Comedy
Last Run. The,2007,Mattias Bouette,6.99,Comedy|Drama
Unknown Pleasures (Ren xiao yao),2011,Irene Grabert,2.79,Comedy|Drama
Chaos (Kaosu),1998,Ingelbert Hansod,2.1,Crime|Mystery|Thriller
Man of the House,2009,Egbert Helsdon,7.04,Action|Comedy
White Night (Hvid nat),2003,Lianna MacGinley,9.83,Drama
Score: A Hockey Musical,1987,Brenn Broschke,5.54,Comedy|Musical
"Cry ""Havoc""",2006,Farrel Broke,0.61,Drama|War
The Legend of Sarila,1982,Brittany Arbuckle,6.23,Adventure|Animation|Children
Hideous Sun Demon. The,2004,Neile Gregan,0.4,Horror|Sci-Fi
Next of Kin,1996,Cad Eveleigh,3.28,Comedy|Drama
Death Wish,1989,Beulah Farlamb,2.31,Action|Crime|Drama
My Dear Secretary,2008,Amalie Mott,7.59,Comedy|Romance
Skenbart: En film om tåg,2003,Scott Lyenyng,7.04,Comedy
25th Hour,2005,Cletus Iorillo,7.68,Crime|Drama
Trapped,2000,Worden Yelding,4.18,Action|Thriller
Lotta på Bråkmakargatan,1995,Kevin Crenshaw,9.86,Children
Rivers and Tides,2011,Lanita Shenley,6.73,Documentary
Adventures of Food Boy. The (aka High School Superhero),1998,Filia Screach,0.4,Comedy
New York Stories,2011,Hogan Feldberger,5.82,Comedy|Drama
Allotment Wives,2000,Carly Kingsley,10.0,Crime|Drama|Film-Noir
Klip (Clip),2003,Izzy Stratford,7.55,Drama|Romance
Submerged,1987,Cindy Spain-Gower,0.95,Action
Terrace. The (Terrazza. La),2005,Glori Scannell,4.83,Drama
Headless Body in Topless Bar,2003,Lisette Pemble,9.53,Comedy|Drama|Thriller
Paid in Full,1998,Cecil Danaher,8.9,Action|Drama
Kolmistaan,2006,Viola Eliet,4.4,Drama|Romance
Sabah,2002,Berta Adshad,2.85,Comedy|Drama|Romance
Gold Diggers of 1937,2007,Andras McGown,0.29,Comedy|Musical|Romance
"Maria. ihm schmeckt""s nicht! (Maria. He Doesn""t Like It)",2005,Gerty Timewell,1.09,Comedy
Happiness,2003,Hercule Sommerland,0.35,Documentary
Time Machine. The,1998,Lanni Wooffitt,6.56,Action|Adventure|Sci-Fi
Dancers,2005,Madlin Handlin,2.53,(no genres listed)
Kind Lady,2010,Gavin Korneichik,2.25,Drama|Thriller
Informant!. The,2012,Carmen MacGee,2.31,Comedy|Crime|Drama|Thriller
It Came from Outer Space,1997,Talia Scoates,7.17,Sci-Fi
Destiny Turns on the Radio,1993,Zeb Blaise,5.83,Comedy
Joy of Sex,1998,Charmine Stonall,3.22,Comedy|Romance
To Be Twenty,2001,Bethany Sevitt,5.53,Comedy|Drama|Horror
"Night Train Murders (Last Stop on the Night Train) (Ultimo treno della notte. L"")",2010,Kath Preston,5.48,Horror|Thriller
100 Girls,1997,Silvana Buyers,8.58,Comedy|Romance
Children of Huang Shi. The,2010,Darsey Winnister,9.76,Drama|War
Haunted Mansion. The,1993,Rolph Gannan,9.83,Children|Comedy|Fantasy|Horror
Pointe-Courte. La,2008,Druci Strasse,2.61,Drama
Nazis at the Center of the Earth,2007,Sunny Parvin,0.12,Action|Adventure|Horror|Thriller
Two Crimes (Dos crímenes),2000,Aimee Hungerford,5.26,Comedy|Crime|Drama
Japanese Story,1993,Dante Espinay,9.1,Drama
Lake House. The,1974,Jeffry Elliker,5.94,Drama|Fantasy|Romance
Pudana Last of the Line (Sukunsa viimeinen),2009,Benedikt Itzig,9.92,Drama
In Your Dreams (Dans tes rêves),2007,Gweneth Misk,3.0,Drama
Man Who Knew Too Much. The,2005,Jillene Marritt,9.55,Adventure|Drama|Mystery|Thriller
Poison,1998,Nobe Meekins,3.06,Comedy
Marmaduke,1991,Harrietta Cheston,3.76,Comedy
Celebration. The (Festen),2009,Merla Rulf,4.69,Drama
Serving Sara,2010,Mady Lie,3.96,Comedy|Romance
Night of the Demons,2009,Rockey Schwandner,9.79,Horror
Master of the Flying Guillotine (Du bi quan wang da po xue di zi),2007,My Willan,9.95,Action
Heartbeats (Kohtaamisia),2011,Olvan Conlaund,7.53,Comedy|Drama
External Affairs,2010,Justinian Everington,9.23,Drama
"Tough Guys Don""t Dance",1998,Desiri Letham,2.92,Drama
Mindscape of Alan Moore. The,2010,Eran Wimpenny,6.47,Documentary
Straw Dogs,1989,Janeta Harwin,0.75,Thriller
Walk of Shame,2004,Gwenneth Yesinin,0.31,Comedy
Who Killed Nancy?,1991,Lorrin Aylin,9.55,Documentary
2001 Maniacs,1991,Thurstan Seekings,3.43,Comedy|Horror
Army of One (Joshua Tree),1997,Care Pladen,4.08,Action|Adventure|Crime|Drama|Mystery|Thriller
Lone Wolf and Cub: White Heaven in Hell (Kozure ôkami: Jigoku e ikuzo! Daigorô),2010,Marleen Berfoot,4.02,Action|Drama|Fantasy
"Demons 2 (Dèmoni 2... l""incubo ritorna)",2007,Padraic Seviour,5.54,Horror
Heidi Fleiss: Hollywood Madam,1993,Osmond Boak,4.41,Documentary
Pump Up the Volume,2004,Ellerey Lemmon,4.23,Comedy|Drama
Outrage (Autoreiji),1990,Paulie Harbert,2.66,Crime|Drama
Man Of The Moment,2000,Dannie Padmore,3.74,Comedy
Just Looking,1994,Kaspar Brushfield,4.97,Comedy
Oliver & Company,1989,Roanna Dudderidge,1.28,Adventure|Animation|Children|Comedy|Musical
The Time of Their Lives,2013,Barbee Cranham,2.4,Comedy|Fantasy|Romance|Thriller
Maîtresse (Mistress),2004,Storm Valenti,4.77,Drama|Romance
Snakes and Earrings (Hebi ni piasu),1993,Clemens Lukianovich,4.46,Drama|Thriller
Play it to the Bone,2009,Husain Rubenov,0.88,Comedy|Drama
Happiness (Schastye),1996,Obadias Hibling,1.02,Comedy|Drama
Vermont Is For Lovers,2009,Griffith Grodden,5.02,Comedy|Documentary|Romance
Everything Is Illuminated,1995,Rhianna Shivell,8.75,Comedy|Drama
Mudhoney,2012,Sanderson Alexsandrovich,8.26,Drama
The Land Before Time IV: Journey Through the Mists,1999,Nickie Ferrettini,7.6,Adventure|Animation|Children
Lust for Gold,1996,Gloria Wettern,4.24,Romance|Western
Beautician and the Beast. The,1999,Andrej Rollett,4.36,Comedy|Romance
America the Beautiful ,1987,Elyssa Kubista,4.0,Documentary
Nutty Professor II: The Klumps,2012,Abra Hofler,7.03,Comedy
She No Longer Talks. She Shoots,1992,Berkeley Vannucci,1.86,Comedy
Pretty Sweet,2011,Armand Gohier,7.84,Documentary
"Star Wars Uncut: Director""s Cut",1966,Ringo Beckinsale,3.82,Action|Animation|Comedy|Sci-Fi|Western
Vice Versa,1996,Lora Duham,1.83,Comedy
"Noah""s Ark",1991,Adeline Geck,7.76,Adventure|Drama|Romance
Fiendish Plot of Dr. Fu Manchu. The,2005,Dewitt Athey,6.5,Comedy
Begone Dull Care,1996,Romola Howsley,0.59,Animation
"Disney Princess Collection: Jasmine""s Enchanted Tales: Jasmine""s Wish",2009,Maura Yurkevich,7.44,Animation
Kick-Ass 2,2012,Lynnell Sail,7.93,Action|Comedy|Crime
Goyokin,1992,Jolyn Sofe,9.3,Action|Drama
Hipnos,2006,Francisca Wignall,4.06,Horror|Thriller
Summer of the Monkeys,2009,Rafael MacCambridge,5.16,Children|Drama
Good German. The,2012,Bruce Flanagan,4.94,Drama|Mystery|Thriller
Haywire,2001,Cicily Reckhouse,4.26,Action|Thriller
Jezebel,2005,Layton Goodson,6.96,Drama
Broken City,1965,Mathe Rillett,0.94,Crime|Drama|Thriller
Blue Week (Sininen viikko),2007,Menard Meaking,3.39,Drama|Romance
Brothers (Veljekset),2012,Janek Wickmann,0.94,Drama
Psychopath. The,2007,Judah Wolstenholme,3.92,Horror|Mystery
